:020000040800F2
:10000000903D0020617E0008E1050008E30500083E
:10001000E7050008EB050008EF05000800000000F8
:10002000000000000000000000000000F3050008D0
:10003000F505000800000000F7050008F9050008B4
:100040007B7E00087B7E00087B7E00087B7E0008AC
:100050007B7E00087B7E00087B7E00081540000840
:100060007B7E0008AD3F0008771100087B7E00080A
:100070007B7E00087B7E00087B7E00087B7E00087C
:100080007B7E00087B7E00087B7E00087B7E00086C
:100090007B7E00087B7E00087B7E0008EB3E00082C
:1000A0007B7E00087B7E00087B7E00087B7E00084C
:1000B0007B7E0008DB3C0008A10400087B7E000872
:1000C0007B7E00087B7E00087B7E00087B7E00082C
:1000D0007B7E0008FB050008390600086B06000857
:1000E0007B7E00087B7E00087B7E00087B7E00080C
:1000F0007B7E00087B7E00087B7E00087B7E0008FC
:100100007B7E00087B7E00087B7E00087B7E0008EB
:100110007B7E00087B7E00087B7E00087B7E0008DB
:100120007B7E00087B7E00087B7E00087B7E0008CB
:10013000DFF80CD00AF002FE0048004791040008E6
:10014000903D002010B507F085FE07F01BFE4FF430
:10015000164004F062F848214FF47A7003F05BFD1A
:100160000121D84807F0BDFF10BD2DE9F04106463A
:100170000D46284609F072FF0746D3480068401C28
:10018000D1490860D1A1304609F03FFFB8B1D1484C
:10019000007808B1BDE8F081CFA1284609F035FF0D
:1001A00030B1012002F0ACFD0120CC4908707FE0A5
:1001B000002002F0A5FD0020C849087078E0C8A121
:1001C000304609F022FFB0B1C248007800B1E1E743
:1001D000C1A1284609F019FF30B1B42003F0FAFAA2
:1001E0000120C149087063E0002003F0F3FA002009
:1001F000BD4908705CE0BDA1304609F006FFB0B112
:10020000B448007800B1C5E7B3A1284609F0FDFE67
:1002100030B1012002F0ACFD0120B649087047E082
:10022000002002F0A5FD0020B249087040E0B2A114
:10023000304609F0EAFE60B1A7A1284609F0E5FEC4
:1002400018B10120A349087032E00020A1490870CC
:100250002EE0ABA1304609F0D8FE30B1284609F0B7
:10026000ECFE0446A848046022E0A8A1304609F04C
:10027000CCFE30B1284609F0E0FE0446A5480460F3
:1002800016E0A5A1304609F0C0FE30B1284609F0BD
:10029000D4FE0446A24804600AE0A2A1304609F058
:1002A000B4FE28B1284609F0C8FE04469F48046001
:1002B00000BF6FE710B5AFF24D119D4809F04FFE3A
:1002C0009C499D4809F04BFE06F00AFA9B480078CD
:1002D00008B101F0FCFF9A48007808B102F0B0F8CC
:1002E00010BD2DE9F04100240027002500267948A3
:1002F0000078002834D09348006883490968884210
:1003000001D9012000E0002004468F48006881499F
:100310000968884201D2012000E0002006468B488F
:1003200000687F490968884201D9012000E0002067
:100330000746864800687D490968884201D2012045
:1003400000E000200546304602F012FD80480770AC
:10035000284602F0D5FC614805706648067003E047
:10036000614800787A490870204602F007FD14B908
:100370000EB907B925B1012176A009F0A2FF03E06B
:10038000002174A009F09DFF05217148007803F059
:10039000B6FB7148017871A009F093FF4F480178CE
:1003A0006FA009F08EFF534801786EA009F089FF15
:1003B00021466DA009F085FFBDE8F08110B56B48BE
:1003C00009F060FE6AA009F098FF6BA16CA002F032
:1003D0008BFD6DA002F0EBF86EA002F0F9FAFFF7CA
:1003E00080FF6E49614809F0DEFE10BD10B54FF484
:1003F00080626B494E4809F0F9FC4FF4007269497C
:100400005A4809F03CFE4FF4807267494A4809F0A7
:10041000EDFC564809F052FF01234FF4FA62AFF2A7
:100420006301624809F0D0FF01236422AFF27B111F
:100430005F4809F0C9FF01234FF47A725D495E48B5
:1004400009F0C2FF01234FF47A725C495C4809F05D
:10045000BBFF01230A225B495B4809F0B5FF534803
:1004600009F0C0FF524809F0BDFF534809F0BAFF38
:10047000534809F0B7FF544809F0B4FF534805F05A
:100480001CFC4FF400725249524809F051FF10BD54
:10049000FFF7ACFFFFF756FE01E009F0C6FFFCE7EF
:1004A00010B501214C4809F0FEFB50B101214A482A
:1004B00009F00AFC09F0D4FF4848007808B105F0BB
:1004C0003BFD10BD000230003801002064656E67FE
:1004D000310000005E0100206F6E0000000000206F
:1004E00064756F6A69310000040000206A6471312C
:1004F0000000000001000020615F77656E310000A0
:100500006C5F77656E3100009C0100206C5F736842
:1005100069310000A40100206C5F67756131000043
:10052000900100206C5F677561320000940100202B
:1005300018320020E96A0008403600208A010020B5
:100540008D01002084000020A40000209C000020D9
:100550000500002062703100380200206431000084
:100560006432000064330000643400000C3000206A
:100570006F6E6C696E653100736869647531000077
:1005800077656E64753100006775616E67716961CA
:100590006E673100747572616E673100096600081C
:1005A0004032002018300020683600204C04002023
:1005B0005C0400208D6700086C040020B36700080D
:1005C0007C040020B96900088C0400200968000838
:1005D0007C37002068370020000800408801002098
:1005E000704700BFFEE700BFFEE700BFFEE700BFA9
:1005F000FEE7704770477047704708B540F22551D5
:10060000234808F07DF9B0B10020009040F2255158
:100610001F4808F09FF91E4808F0F2F8C0B2009099
:100620009DF800101B4809F093FE012269461A4804
:1006300009F0DBFC00BF08BD08B50020009040F2C7
:100640002551164808F05CF970B140F22551134865
:1006500008F080F9114808F0D3F8C0B200900122E8
:1006600069460F4809F0C1FC08BD10B540F225519C
:100670000C4808F045F950B1002440F225510948D2
:1006800008F068F9074808F0BBF8C4B200BF10BD15
:100690000038014068370020403600200044004008
:1006A00018320020004800400CB500200190009056
:1006B0006B48006840F480306949086000BF6848B2
:1006C000006800F4003000900198401C01900098F0
:1006D00018B90198B0F5A06FF1D16148006810F425
:1006E000003F02D00120009001E00020009000981F
:1006F000012842D15B48006840F010005949086069
:100700000846006820F0030008600846006840F0D2
:1007100002000860524840685149486008464068F5
:1007200048600846406840F4806048600846406879
:1007300020F47C1048600846406840F4E8104860A7
:100740000846006840F08070086000BF44480068B8
:1007500010F0007FFAD04248406820F00300404982
:1007600048600846406840F00200486000BF3C48CE
:10077000406800F00C000828F9D10CBD10B5FFF757
:1007800093FF10BD10B53648006840F001003449B1
:1007900008600846406834490840314948600846C6
:1007A0000068324908402E4908600846006820F475
:1007B000802008600846406820F4FE0048604FF43E
:1007C0001F008860FFF7DAFF4FF0006028490860DB
:1007D00010BD10B5002100200022214B5B6803F002
:1007E0000C0121B1042906D0082928D107E0214BAA
:1007F000214C236027E01F4B1F4C236023E0184B44
:100800005B6803F47010164B5B6803F480320223BC
:1008100003EB904022B9194B4343174C23600DE082
:100820000F4B5B6813F4003F04D0144B4343124C4E
:10083000236003E00F4B43430F4C236003E00D4B59
:100840000D4C236000BF00BF054B5B68C3F303136F
:100850000B4CE15C084B1B68CB40074C236010BD80
:1008600000100240002002400000FFF8FFFFF6FEEB
:1008700008ED00E000127A000800002000093D00A9
:100880000C00002038B50446102C77D2DFE804F0C5
:1008900008131E29343F4A55606B77828D98A3AEAA
:1008A0000120ADF8000000208DF803006946804863
:1008B00007F048FBA6E00220ADF8000000208DF80C
:1008C000030069467A4807F03DFB9BE00420ADF841
:1008D000000000208DF803006946754807F032FBE0
:1008E00090E00820ADF8000000208DF80300694674
:1008F0006F4807F027FB85E01020ADF800000020CE
:100900008DF8030069466A4807F01CFB7AE0202056
:10091000ADF8000000208DF803006946644807F038
:1009200011FB6FE04020ADF8000000208DF80300BF
:1009300069465F4807F006FB64E08020ADF80000E0
:1009400000208DF803006946594807F0FBFA59E08A
:100950000120ADF8000000208DF8030069465548DD
:1009600007F0F0FA4EE00220ADF8000000208DF80C
:10097000030069464F4807F0E5FA43E041E00120F3
:10098000ADF8000000208DF8030069464A4807F0E2
:10099000D9FA37E00220ADF8000000208DF80300FE
:1009A0006946454807F0CEFA2CE00420ADF8000077
:1009B00000208DF8030069463F4807F0C3FA21E0A4
:1009C0000820ADF8000000208DF8030069463A4881
:1009D00007F0B8FA16E01020ADF8000000208DF8FE
:1009E00003006946344807F0ADFA0BE02020ADF86B
:1009F000000000208DF8030069462F4807F0A2FA96
:100A000000E000BF00BF38BD10B586B004462046E8
:100A1000FFF738FF01214FF4017007F049FD4FF453
:100A2000004007F0ACFC254808F01CF800200190BD
:100A30008DF808008DF809004FF460200390002025
:100A4000049001208DF8140001A91C4808F031F829
:100A500001211A4808F059F8184808F078F800BF42
:100A6000164808F079F80028FAD1144808F07EF802
:100A700000BF124808F07FF80028FAD106B010BD78
:100A800010B50446E1B2072301220C4808F0A9F88A
:100A900001210A4808F079F800BF0221074808F050
:100AA000E5F90028F9D0054808F002F910BD00006A
:100AB00000080140000C01400010014000240140EA
:100AC00010B56148006820F470405F49086008462E
:100AD000006840F44050086000205C4908604FF016
:100AE000140007F08BF901205949C1F8AC011E2010
:100AF00007F061F910BD10B500245348006820F4D8
:100B00007040514908600846006840F400400860A1
:100B100004E0601CC4B2012007F04DF94D480068A4
:100B200008B1642CF5DB642C01DB012010BD00242E
:100B300004E0601CC4B2012007F03DF9454800689C
:100B400008B9642CF5DB642C01DB0120EEE7002002
:100B5000ECE710B5002404E0601CC4B2012007F0EB
:100B60002AF93C48006808B1642CF5DB002404E055
:100B7000601CC4B2012007F01EF93648006808B9AD
:100B8000642CF5DB282007F016F93248006808B11C
:100B9000012010BD0020FCE770B50024002506E010
:100BA0006006040EFFF7D5FF0443681CC5B2082D8C
:100BB000F6DB204670BD7CB505460E46FFF780FF8C
:100BC000FFF799FFF8B9002405E0FFF7E5FF0DF8FE
:100BD0000400601CC4B2052CF7DB9DF800009DF8F2
:100BE000011008449DF8021008449DF803100844C1
:100BF0009DF80410884208D19DF8000030709DF8DF
:100C00000200287001E001207CBD0020FCE710B547
:100C10000121082007F04CFC0B48006820F47040CC
:100C2000094908600846006840F4405008600648DA
:100C30000830006840F40060034908310860FFF79D
:100C40003FFFFFF758FF10BD040C0140AC8121426B
:100C5000008021422C81214210B500244FF48051A4
:100C6000B04807F01AFA322007F0A5F84FF4805187
:100C7000AC4807F014FA4FF4FA7007F09CF84FF400
:100C80008051A84807F009FA282007F094F800BF1F
:100C90004FF48051A34807F0E6F920B12046641CC8
:100CA000A1498842F4D34FF4FA7007F084F84FF466
:100CB00080519C4807F0F1F9284610BD70B50446F4
:100CC000082523E04FF48051964807F0E8F9052005
:100CD00007F071F814F0010F05D04FF480519148DE
:100CE00007F0DBF904E04FF480518E4807F0D7F9A4
:100CF000412007F060F84FF480518A4807F0CDF9A1
:100D0000022007F058F86410681EC5B2002DD9DC27
:100D100070BD70B54FF48051824807F0BEF90520D0
:100D200007F049F8082525E064104FF480517D480C
:100D300007F0B5F9052007F03EF84FF480517948E7
:100D400007F0ABF9052007F036F84FF480517548ED
:100D500007F089F910B144F0800401E004F07F0449
:100D6000412007F028F84FF480516E4807F095F9BC
:100D7000681EC5B2002DD7DC204670BD70B5044694
:100D80003320FFF79BFF082505E0FFF7C2FF207027
:100D9000641C681EC5B2002DF7DC70BD2DE9F04162
:100DA00006460C4615460027FFF756FFCC20FFF7F6
:100DB00085FF4E20FFF782FF2846FFF77FFF204682
:100DC000FFF77CFF3046FFF779FFFFF745FFCC20A8
:100DD000FFF774FF4820FFF771FF00BF4FF4805109
:100DE000504807F040F920B938467F1C4E498842E8
:100DF000F4D3BDE8F08110B5FFF72EFFCC20FFF74C
:100E00005DFF4420FFF75AFF10BD08B50121042003
:100E100007F04EFB4FF48050ADF8000014208DF821
:100E2000030003208DF8020069463E4807F08AF867
:100E300008BD10B5FFF7E9FF8A2264217F20FFF784
:100E4000ADFFFFF7D8FF10BD70B5FFF705FFCC2051
:100E5000FFF734FFBE20FFF731FFFFF75AFF0546CB
:100E6000FFF757FF0446FFF7F7FE14F0800F09D095
:100E7000E043C0B240F00804E843401CC5B20DB9DD
:100E8000601CC4B2200100EB1510C4B205F00F00C5
:100E900026490D5C264645EA0626FFF7ACFF2046AC
:100EA00070BD2DE9F05FFFF7D7FECC20FFF706FFFE
:100EB000BE20FFF703FFFFF72CFF8146FFF729FF56
:100EC0000446FFF7C9FE14F0800F0DD0E043C0B216
:100ED00040F008046FEA0900401C00F0FF09B9F176
:100EE000000F01D1601CC4B2200100EB1910C4B284
:100EF00009F00F000D4911F80090A24649EA0A2AAC
:100F0000FFF779FF504609F0C2FC07460022084B64
:100F100009F0BDFB054609F020FD83465846BDE8B3
:100F2000F09F00000008014020A107001C000020E5
:100F30000000B03F08B50121402007F0B9FA4FF496
:100F40008040ADF8000010208DF8030003208DF8DC
:100F5000020069468F4806F0F5FF4FF480418D4846
:100F600007F09BF808BD08B50121082007F0A0FA9A
:100F700048208DF803004FF48070ADF80000032086
:100F80008DF802006946844806F0DCFF08BD10B504
:100F900000244FF48071804807F065F804463CB99E
:100FA0007E480078012101EB40007C49087006E092
:100FB0007A480078FE2101EA4000784908707748B5
:100FC000007810F00F0F01D1002010BD0120FCE7C8
:100FD00008B50121082007F06BFA48208DF80300BE
:100FE0004FF40070ADF8000003208DF80200694650
:100FF000694806F0A7FF08BD08B50121082007F0E1
:1010000057FA48208DF803004FF40040ADF8000077
:1010100003208DF8020069465F4806F093FF08BD83
:1010200008B50121082007F043FA48208DF8030095
:101030001020ADF8000003208DF8020069465648E4
:1010400006F080FF08BD10B500241021524807F0BB
:101050000AF804463CB952480078012101EB4000EF
:101060004F49087006E04E480078FE2101EA400032
:101070004B4908704A48007810F0070F01D1002052
:1010800010BD0120FCE710B500244FF40071424868
:1010900006F0E9FF0446012C07D1424800780121FF
:1010A00001EB40003F49087006E03E480078FE2111
:1010B00001EA40003B4908703A48007810F00F0FF1
:1010C00001D1002010BD0120FCE710B500244FF431
:1010D0000041314806F0C7FF0446012C07D13248D1
:1010E0000078012101EB40002F49087006E02E48EE
:1010F0000078FE2101EA40002B4908702A48007858
:1011000010F00F0F01D1002010BD0120FCE71FB52A
:101110000121092007F0CCF91020ADF80400482087
:101120008DF8070001A91C4806F00CFF04210120DE
:1011300007F01CF81020029000208DF80C00082009
:101140008DF80D0001208DF80E0002A808F0CEFDEC
:101150004FF4E06007F018FC0A208DF80000002032
:101160008DF801008DF8020001208DF8030068461B
:1011700007F00FFC1FBD10B51021074806F073FFE4
:1011800020B10A480068401C08490860102008F097
:1011900024FE10BD00180140000C0140300000206A
:1011A0003100002032000020330000202C000020FD
:1011B00038B504463AA00068009003216846A0476D
:1011C00038BD2DE9F04706460D461746A946B046FC
:1011D000B9F1000F62DD58E018F8014B5A2C0AD122
:1011E000304800785A2806D101202F490870022083
:1011F0002E49087047E0452C07D12B48007801287C
:1012000003D10320294908703DE0042C10D1274860
:10121000007803280CD15A202549087048704520D1
:1012200088700420C87023490860204908702AE0AB
:101230001D480078012826D11C480078042822D1B6
:101240001C4801680068401C1A4A10601848445441
:101250001448047010460068092814DB14484079CB
:101260001349097940EA0120642190FBF1F0124909
:10127000086008460068B84700200B4908700D490F
:1012800008600A490870074804705FEA0900A9F17C
:10129000010903D0074800681E289DD3BDE8F087E8
:1012A000A515BA0038000020390000203A000020BF
:1012B0009C040020340000203C00002008B50121DF
:1012C000082007F0F5F80121082007F0F1F80120C7
:1012D000ADF8000010208DF8030003208DF8020007
:1012E00069463E4806F02EFE0220ADF80000482078
:1012F0008DF803006946394806F024FE012137487D
:1013000006F0CBFE08BD70B5002601203449086008
:1013100006F051FD00203349C1F88001002400BFD0
:101320002F48006820B13046761C2F498842F7D3F9
:10133000002513E001202D4908604FEA440406F01F
:101340003AFD00202749C1F880012548006800B116
:10135000641C012006F02FFD681CC5B2182DE9DBC6
:1013600001202249086084F4000406F024FD0020D6
:101370001C49C1F88001204670BD10B5FFF7C3FFBE
:101380001B49086010BD2DE9F047FFF7BCFF194964
:1013900008600846006816490968401A154908603F
:1013A00008460068002811DD0846006809F050FA78
:1013B000814609F0BFFA074600220F4B09F0D9F920
:1013C000054609F09EFA0B49086002E00020094931
:1013D0000860084804682046BDE8F087000C01401A
:1013E000048121420080214220A107008081214206
:1013F000400000204400002000A05A4010B54FF4E7
:101400000041FE4806F049FE4FF48041FB4806F0DB
:1014100044FE4FF48041F94806F041FE4FF400418C
:10142000F64806F03CFE10BD10B54FF40041F348FD
:1014300006F033FE4FF48041F04806F030FE4FF4E2
:101440008041EE4806F029FE10BD10B54FF4004172
:10145000EA4806F022FE4FF40041E84806F01FFE7D
:1014600010BD2DE9F04105462C464FF40041E348FC
:1014700006F015FE00261CE0274607F08007802FA7
:1014800004D1F901DD4806F008FE04E04FF4804184
:10149000DA4806F004FE6006040E4FF40041D74817
:1014A00006F0FBFD4FF40041D44806F0F8FD701C37
:1014B000C6B2082EE0DBBDE8F08110B50446FFF7A8
:1014C0009DFF7820FFF7CDFFFFF7BFFF0020FFF75C
:1014D000C8FFFFF7BAFF2046FFF7C3FFFFF7B5FFCE
:1014E000FFF7A2FF10BD10B50446FFF787FF782075
:1014F000FFF7B7FFFFF7A9FF4020FFF7B2FFFFF7A5
:10150000A4FF2046FFF7ADFFFFF79FFFFFF78CFF1B
:1015100010BD70B504460D461DB1E0B2FFF7E3FF04
:1015200002E0E0B2FFF7C9FF70BD70B506460024C7
:1015300018E004F1B0000021FFF7EBFF002108469E
:10154000FFF7E7FF00211020FFF7E3FF002505E08C
:1015500001213046FFF7DDFF681CC5B2802DF7DBA7
:10156000601CC4B2082CE4DB70BD70B504460D46A7
:1015700005F1B0000021FFF7CCFF102141EA141063
:101580000021FFF7C6FF04F00F000021FFF7C1FFA5
:1015900070BD10B500218D20FFF7BBFF0021142086
:1015A000FFF7B7FF0021AF20FFF7B3FF10BD10B565
:1015B00000218D20FFF7ADFF00211020FFF7A9FFCC
:1015C0000021AE20FFF7A5FF10BD70B5002418E084
:1015D00004F1B0000021FFF79CFF00210846FFF74F
:1015E00098FF00211020FFF794FF002505E001215E
:1015F0000020FFF78EFF681CC5B2802DF7DB601C52
:10160000C4B2082CE4DB70BD2DE9F04707460E4656
:101610009046994600250024A8F12000C5B27F2FEE
:1016200002DD0027B01CC6B2B9F1100F24D131463B
:101630003846FFF79AFF002408E004EB0511704AD2
:10164000505C0121FFF765FF601CC4B2082CF4DB7D
:10165000701CC1B23846FFF788FF002409E004EB94
:1016600005110831664A505C0121FFF752FF601CEA
:10167000C4B2082CF3DB12E031463846FFF775FFA1
:1016800000240AE005EB45015E4A02EB4101085DDA
:101690000121FFF73EFF601CC4B2062CF2DBBDE85F
:1016A000F0872DE9F04104460F461546984600267E
:1016B0000FE0AA5D434639462046FFF7A5FF04F137
:1016C0000800C4B2782C02DD0024B81CC7B2701C1C
:1016D000C6B2A85D0028ECD1BDE8F0812DE9F0414B
:1016E00080460E461546002731464046FFF73DFF2F
:1016F00000240AE0444A02EB8511085D0121FFF74E
:1017000008FF781CC7B2601CC4B2102CF2DB701C3E
:10171000C1B24046FFF729FF00240CE06900491CD4
:10172000394A02EB4111085D0121FFF7F2FE781CF6
:10173000C7B2601CC4B2102CF0DBBDE8F0812DE90B
:10174000F05F06460F4690461C46DDF828A04FF095
:10175000000BE11704EB5171C910B4EBC10106D1C4
:101760002046E11704EB5171C1F3C70506E020469E
:10177000E11704EB5171C910491CCDB23D4615E08B
:1017800029463046FFF7F1FEB1460BE059460BF112
:10179000010B1AF801000121FFF7BBFE09F101005E
:1017A00000F0FF09C145F1DB681CC5B2A542E7DBCB
:1017B000BDE8F09F08B50121102006F079FE4FF436
:1017C0004040ADF8000010208DF8030003208DF894
:1017D00002006946094806F0B5FB4FF4404107484E
:1017E00006F05BFC4FF4FA7006F008FB0021AE2017
:1017F000FFF78FFE0021084608E0000000100140BE
:101800001CB90008F4B600080CBF0008FFF781FE01
:1018100000211020FFF77DFE00214020FFF779FE18
:101820000021B020FFF775FE00218120FFF771FE37
:101830000021FF20FFF76DFE0021A120FFF769FEC8
:101840000021A620FFF765FE0021A820FFF761FE1A
:1018500000213F20FFF75DFE0021C820FFF759FE61
:101860000021D320FFF755FE00210846FFF751FE67
:101870000021D520FFF74DFE00218020FFF749FE13
:101880000021D820FFF745FE00210520FFF741FE8B
:101890000021D920FFF73DFE0021F120FFF739FE9E
:1018A0000021DA20FFF735FE00211220FFF731FE7C
:1018B0000021DB20FFF72DFE00213020FFF729FE5D
:1018C00000218D20FFF725FE00211420FFF721FEC7
:1018D0000021AF20FFF71DFEFFF777FE08BD0000D7
:1018E00030B589B005460C460121C80206F0E0FD7E
:1018F0000121042006F0DCFD4FF40060ADF820006B
:1019000018208DF8230003208DF8220008A95748DD
:1019100006F018FB681E80B2ADF81800601E80B299
:10192000ADF814000020ADF81A00ADF8160005A9B6
:101930004F4807F093FB7020ADF804000120ADF88C
:1019400006000020ADF80A00ADF80C0001A94848D7
:1019500007F09BFC0121464807F0E8FE08214448B7
:1019600008F027F80121424807F0D4FF0121404840
:1019700007F0D0FE09B030BD10B50446632C00DD81
:101980006324C4F16300C4B22146394808F060F909
:1019900010BD10B50446632C00DD6324C4F1630060
:1019A000C4B22146324808F04DF910BD30B589B0B7
:1019B00005460C460121084606F087FD012104205A
:1019C00006F076FD0C20ADF8200018208DF82300DD
:1019D00003208DF8220008A9244806F0B3FA681EF7
:1019E00080B2ADF81800601E80B2ADF8140000207F
:1019F000ADF81A00ADF8160005A94FF0804007F0C9
:101A00002DFB7020ADF804000120ADF80600002089
:101A1000ADF80A00ADF80C0001A94FF0804007F0C6
:101A2000E9FB01A94FF0804007F02FFC0121880756
:101A300007F07CFE0821C80607F0B2FF0821C8069F
:101A400007F0B7FF0121880707F064FF012188072D
:101A500007F060FE63214FF0804008F0F7F8632143
:101A60004FF0804008F0F4F809B030BD00080140A4
:101A7000002C0140002107E0002200E0521C4EF63D
:101A800060239A42FAD3491C8142F5D3704708B5C6
:101A90000121042006F00CFD4FF48050ADF8000049
:101AA00010208DF8030002208DF802006946FE48E0
:101AB00006F048FA0121082006F0FAFC4020ADF8B3
:101AC000000004208DF8030002208DF80200694612
:101AD000F64806F037FA0121082006F0E9FC4FF439
:101AE0008070ADF8000010208DF8030002208DF802
:101AF00002006946ED4806F025FA0121082006F0AB
:101B0000D7FC4FF40050ADF8000010208DF8030012
:101B100002208DF802006946E44806F013FA01211C
:101B2000082006F0C5FC4FF40040ADF8000010207E
:101B30008DF8030002208DF802006946DB4806F0AC
:101B400001FA08BD2DE9F04106460D464FF400515B
:101B5000D64806F0A4FA4FF40041D44806F09FFAA4
:101B60007E2000EA460708241BE017F0800F05D00E
:101B70004FF48071CD4806F090FA04E04FF4807184
:101B8000CA4806F08CFA4FF40051C84806F085FAAE
:101B90007806070E4FF40051C44806F080FA601E24
:101BA000C4B2002CE1DC08241BE015F0800F05D046
:101BB0004FF48071BD4806F070FA04E04FF4807174
:101BC000BA4806F06CFA4FF40051B84806F065FACE
:101BD0006806050E4FF40051B44806F060FA601E26
:101BE000C4B2002CE1DC4FF40041B04806F055FAD5
:101BF0004FF40051AD4806F050FABDE8F0812DE9F0
:101C0000F041064600254FF40041A84806F047FA87
:101C10007E2000EA460040F0800708241BE04FF4D5
:101C20000051A24806F03BFA17F0800F05D04FF4A0
:101C300080719E4806F031FA04E04FF480719B48B1
:101C400006F02DFA4FF40051984806F026FA78066F
:101C5000070E601EC4B2002CE1DC082415E04FF42E
:101C60000051924806F01BFA6806050E4FF4005129
:101C70008E4806F012FA40218C4806F0F4F901284B
:101C800001D145F00105601EC4B2002CE7DC4FF421
:101C90000041864806F001FA4FF40051834806F0EF
:101CA000FCF92846BDE8F08170B505460C460026D3
:101CB0002846FFF7A4FF064646EA04012846FFF738
:101CC00041FF70BD70B505460C4600262846FFF75B
:101CD00096FF064626EA04012846FFF733FF70BD4B
:101CE0002DE9FE4F0646884691469A46DDF830B00B
:101CF000FE2002900020019000900C2E06D00E2EA7
:101D000009D1122001901020009005E07720019069
:101D10003020009000E000BF00BF019840F080013B
:101D20000220FFF70FFF80210420FFF7CBFF0021E7
:101D30000120FFF707FF80210A20FFF7B5FF0025EC
:101D400005E018F805100920FFF7FCFE6D1C4D4555
:101D5000F7D331460120FFF7F5FE0C2E03D1802189
:101D60000D20FFF7A1FF4FF4FA6500BF0420FFF735
:101D700046FF04466D1E2DB114F0010F02D10098EC
:101D80000442F3D080210D20FFF79CFF95B306207D
:101D9000FFF735FF10F01B0F2DD1002002900198A6
:101DA000204010F0010F01D0FF2002900C2E24D112
:101DB0000A20FFF724FF04460C20FFF720FF00F065
:101DC00007072FB1601E07EBC000CBF8000002E050
:101DD000E000CBF8000004B90124122C00DD12242D
:101DE000002505E00920FFF70AFF0AF805006D1C31
:101DF000A542F7D301E0FE20029080210C20FFF7DE
:101E000053FF00210120FFF79DFE0298BDE8FE8FE1
:101E100070B588B005460C4608210846FFF752FF0A
:101E200007210D20FFF78EFE03211420FFF73CFF52
:101E30008DF8085007A802AB012202A900900C20DF
:101E4000FFF74EFF06464EB90798102806D19DF8B9
:101E5000080020709DF80900607000E0FE26304602
:101E600008B070BDF0B587B00546002708210846C8
:101E7000FFF728FF00210D20FFF764FE80210E20D0
:101E8000FFF720FF93208DF8040020208DF8050037
:101E900006A801AB022201A900900C20FFF720FF49
:101EA0000646A6B900240BE000080140000C0140E2
:101EB00001A8005D285501A8005D4740601CC4B220
:101EC000042CF5DB01A8005DB84200D0FE2680217D
:101ED0000E20FFF7E9FE304607B0F0BD2DE9F041D6
:101EE00007468846154604210520FFF7EBFE002132
:101EF0000120FFF727FE80210A20FFF7D5FE0024EE
:101F000005E0395D0920FFF71DFE601CC4B24445A1
:101F1000F7DB03210120FFF715FEFF2400BF05209A
:101F2000FFF76DFE0646601EC4B214B116F0040F32
:101F3000F5D02220FFF763FE28702120FFF75FFE17
:101F40006870BDE8F08170B588B0054693208DF8C3
:101F5000080070208DF8090000208DF80E00002484
:101F60000BE0295D02AAA01C11549DF80E00295D0A
:101F700048408DF80E00601CC4B2042CF1DB0DF15A
:101F80000F02072102A8FFF7A9FF08210846FFF763
:101F900099FE07A802AB092202A900900C20FFF7C6
:101FA0009FFE064626B90798182801D1002600E0B2
:101FB000FE26304608B070BD2DE9F04387B00646D6
:101FC0000F46904699468DF804608DF80570002400
:101FD00006E018F8041001AAA01C1154601CC4B239
:101FE000062CF6DB002407E019F8041001AA04F11E
:101FF00008001154601CC4B2062CF5DB06A801AB26
:102000000C2201A900900E20FFF76AFE05462DB9AB
:102010000820FFF7F4FD10F0080F00D1FE25284638
:1020200007B0BDE8F083F0B587B005460E46302016
:102030008DF804008DF805500DF10602022101A86B
:10204000FFF74CFF06A801AB042201A900900C2069
:10205000FFF746FE074667B90698902809D1002485
:1020600004E001A8005D3055601CC4B2102CF8DB00
:1020700000E0FE27384607B0F0BDF0B587B0064651
:102080000F46A0208DF804008DF805600DF10602C2
:10209000022101A8FFF722FF06A801AB042201A933
:1020A00000900C20FFF71CFE054645B90698042851
:1020B00005D19DF8040000F00F000A2800D0FE258D
:1020C0000DBB002404E0385D01A90855601CC4B2B2
:1020D000102CF8DB05AA102101A8FFF7FFFE06A8C7
:1020E00001AB122201A900900C20FFF7F9FD054673
:1020F00045B90698042805D19DF8040000F00F00AA
:102100000A2800D0FE25284607B0F0BD00B587B0EC
:1021100050208DF8040000208DF805000DF1060216
:10212000022101A8FFF7DAFE06A801AB042201A9EB
:1021300000900C20FFF7D4FD002007B000BD10B5C3
:102140004FF480514A4805F0A8FF0120FFF792FCA8
:102150004FF48051464805F0A2FF0120FFF78AFCAA
:102160004FF48051424805F098FF0A20FFF782FCA7
:102170000220FFF744FD802802D12820FFF77AFCD7
:102180000F210120FFF7DEFC3D211120FFF7DAFCD3
:102190001E212D20FFF7D6FC00212C20FFF7D2FCBA
:1021A0008D212A20FFF7CEFC3E212B20FFF7CAFC11
:1021B00040211520FFF7C6FC002010BD10B51420EB
:1021C000FFF71DFD044614F0030F03D10321142073
:1021D000FFF76AFD10BD10B50446412C25D108213A
:1021E0000846FFF76FFD3D211120FFF7ABFC86216C
:1021F0001720FFF7A7FC7F212620FFF7A3FC1E2155
:102200002D20FFF79FFC00212C20FFF79BFC8D2148
:102210002A20FFF797FC3E212B20FFF793FC01209B
:10222000FFF728FCFFF7CAFF01E0FF2010BD0020E8
:10223000FCE710B503211420FFF744FD10BD38B5AD
:1022400015E069465220FFF7E3FD044664B1694694
:102250005220FFF7DDFD044634B169465220FFF7F6
:10226000D7FD044604B138BD0A20FFF703FCE8E7B8
:102270000008014010B500240520FEF701FC0446CB
:10228000F9480068A04201D2F7480460F7480068A6
:10229000401CF649086008460068642816DB0020E8
:1022A0000860F1480168F24802680068401CF04B81
:1022B0001860F04840F822100020EB4908601846EA
:1022C0000068142802D300201946086010BD10B51C
:1022D0004FF40051E84805F0C6FEE8490A6809686D
:1022E000491CE64B1960E34941F822001846006892
:1022F000142802D300201946086010BD70B50646A8
:1023000000240025DE48007840B90120DC4908702F
:102310000520FEF779FB0120DA490870002405E06A
:10232000D44850F824000544601CC4B2142CF7D3E0
:10233000142095FBF0F000F11405D34805603146F8
:102340000268D248006807F0B0FE70BD38B5054697
:102350000024CF480078E0B90120CD490870012160
:10236000082006F0A5F84FF40050ADF80000482012
:102370008DF8030003208DF802006946BE4805F081
:10238000E1FD4FF40051BC4805F089FE0120C14930
:1023900008700020C0490860002409E0B54850F8E2
:1023A000240018B10120BC49086003E0601CC4B2DD
:1023B000142CF3D300BFB84829460268B34800681C
:1023C00007F073FE38BD38B505460024B3480078E1
:1023D000E0B90120B14908700121082006F068F831
:1023E0004FF40050ADF8000048208DF803000320A2
:1023F0008DF802006946A04805F0A4FD4FF4005195
:102400009D4805F04CFE0120A24908700020A24919
:102410000860002409E0974850F8240018B901200A
:102420009D49086003E0601CC4B2142CF3D300BFC4
:102430009948294602689548006807F036FE38BD7D
:1024400070B500240025002695480068401C94497A
:1024500008604FF48051884805F005FE04464FF4AB
:102460000051854805F0FFFD05464CB18D480078C8
:1024700030B98B4800688C49086001208B4908708E
:102480004DB18B48007830B98548006889490860AB
:1024900001208949087085480078002841D0864885
:1024A000007800283DD08048006882490968884249
:1024B00005DD7D4800687F490968401A04E07D48D1
:1024C000006879490968401A06460A2E1CDA7648DF
:1024D000006878490968884205DD78480068401C32
:1024E000764908600AE070480068724909688842C5
:1024F00004DA73480068401C7149086000206B4989
:1025000008706D4908700CE06748006869490968FF
:10251000884203DD00206849087002E0002063491A
:102520000870604804706248057070BDF8B50646D2
:102530000024002563480078E0B901206149087053
:102540000121082005F0B4FF4FF40050ADF8000061
:1025500048208DF8030003208DF8020069464648A4
:1025600005F0F0FC4FF40051434805F098FD0120C0
:1025700048490870002405E03E4850F8240005440E
:10258000601CC4B2142CF7D3122D03D901204E497C
:10259000086004E0102D02D200204B4908604B482F
:1025A000314602683948006807F07FFDF8BD70B514
:1025B000054604F074FB0446C4F58050C11700EBD7
:1025C000D1614C11002C00DA0024224629462F4804
:1025D000006807F06AFD3E48046070BD70B50546AE
:1025E00004F06DFB04463B480078042806DA3A48BC
:1025F000046038480078401C364908703648006846
:10260000844204D934480068201A440900E00024B8
:10261000224629461D48006807F047FD2F48046000
:1026200070BD70B5054604F04AFB04462C4800789E
:10263000042806DA2B48046029480078401C284901
:10264000087028480068844204D926480068201A87
:10265000440900E0002424480460224629460B482F
:10266000006807F022FD70BD6C02002068020020A7
:1026700064020020F0040020000C014070020020E1
:10268000740200208B01002014010020400400206F
:10269000750200208A01002010010020760200202F
:1026A00078020020840200207C02002086020020A4
:1026B0008502002080020020870200204C010020BB
:1026C00050010020880200206000002068000020E7
:1026D0009C000020900200208C020020C8000020F6
:1026E0009802002094020020D000002070B505461A
:1026F00004F0F5FA0446F8480078042806DAF748AA
:102700000460F5480078401CF3490870F3480068FD
:10271000844204D9F1480068201A440900E00024EA
:10272000EF48046022462946EE48006807F0BDFCE9
:1027300070BD70B5054604F0D2FA0446EA48007848
:10274000042806DAE9480460E7480078401CE649B6
:102750000870E6480068844204D9E4480068201AFA
:10276000440900E00024E248046022462946DD488E
:10277000006807F09AFC70BD70B5054604F040FA99
:102780000446DC480078042806DADB480460D948AF
:102790000078401CD7490870D7480068844204D9A3
:1027A000D5480068201A440900E00024D34804609A
:1027B00022462946CB48006807F077FC70BD70B50B
:1027C000054604F05CFA0446CD480078042806DA91
:1027D000CC480460CA480078401CC9490870C94800
:1027E0000068844204D9C7480068201A440900E000
:1027F0000024C548046022462946BA48006807F00C
:1028000054FC70BD70B5054604F059FA0446BF4843
:102810000078042806DABE480460BC480078401CF2
:10282000BA490870BA480068844201D9640900E0D6
:102830000024B848046022462946AA48006807F0E8
:1028400034FC70BD70B5054604F0EAF9044664092D
:10285000802C01D9802000E020460446282C01D29B
:10286000282000E020460446C4F18004AA48046001
:10287000224629469B48006807F017FC70BD70B5DA
:10288000054604F00CFA04466409802C01D9802026
:1028900000E020460446282C01D2282000E02046F3
:1028A0000446C4F180049C480460224629468D48B1
:1028B000006807F0FAFB70BD70B5054604F0A0F99A
:1028C00004466409282C01D2282000E02046044652
:1028D000412C01D9412000E020460446283CA400B8
:1028E0008E480460224629467E48006807F0DDFBDA
:1028F00070BD70B5054604F0D2F904466409282C71
:1029000001D2282000E020460446412C01D9412074
:1029100000E020460446283CA4008048046022468B
:1029200029467048006807F0C0FB70BD70B50646C8
:102930007B48007820B9012079490870FEF764F8D7
:102940000120FEF79DF80446B4F5006F02D2C4F5ED
:10295000006501E0A4F5006505EB45104FF4CD716D
:10296000B0FBF1F46F480078032806DA6E490C706A
:102970006C480078401C6B4908706B4800788442B2
:1029800003D969480078241A02E067480078041BDC
:10299000032C00D200246548046031460268514887
:1029A000006807F082FB70BD70B5054604F028F999
:1029B0000446640904EB840000EB4010C4095C4841
:1029C0000460224629464748006807F06EFB70BD48
:1029D00070B5054604F053F9044664097F2C01D90B
:1029E0007F2000E020460446C4F17F0422462946A9
:1029F0003C48006807F059FB4E48046070BD70B554
:102A0000054604F06CF904466409802C00D9802442
:102A1000C4F18004484804602246294631480068D1
:102A200007F043FB70BD70B5064604F048F9054653
:102A30006D09622D0DD3A5F1620000EB800040000E
:102A40003721B0FBF1F4072C00D90724C4F10705A6
:102A50000BE0C5F1620000EB800040003E21B0FBBE
:102A6000F1F4072C00D90724E51D344805602A46F7
:102A700031461C48006807F018FB70BD2DE9F04195
:102A800088B0804604F01BF9064607F0EAFE0546CA
:102A90004FF08441284607F0BAFD054628492846EC
:102AA00007F082FF54D82649284607F074FD0746F0
:102AB000244907F076FD0646234907F0A8FD0446A1
:102AC0002249204607F070FF00D2204C21461F48C3
:102AD00007F061FD054653E0A00200209C020020A3
:102AE000CC00002040040020A8020020A402002006
:102AF000D4000020B0020020AC020020D80000204A
:102B0000B8020020B4020020DC000020C002002037
:102B1000BC0200202C010020E0000020A0000020CA
:102B2000C3020020C2020020C1020020B000002029
:102B3000AC000020A4000020E4000020E8000020F9
:102B40000000C4420000204100005C420000E04060
:102B50002946FA4807F01FFD0746F94907F021FD0D
:102B60000646F84907F053FD0446F749204607F0AA
:102B70001BFF00D2F44C2146F34807F0BAFC05468F
:102B8000F2480560006807F0D5FE064632460B465F
:102B9000EFA1684608F034F96A464146ED480068FE
:102BA00007F0D2FA08B0BDE8F08170B5054604F030
:102BB00037F80446640922462946E648006807F0CB
:102BC00074FAE548046070BD70B5044604F06CFC0E
:102BD0000546E24805602A462146DE48006807F0BF
:102BE00064FA70BD70B5044604F084FC0546DC4808
:102BF00005602A462146D748006807F056FA70BD9E
:102C000070B5044604F050FC05460DB9012000E003
:102C10000020D4490860084621460268CD48006873
:102C200007F043FA70BD70B5044604F0D4FA0546C7
:102C30000DB9012000E00020CA490860084621467D
:102C40000268C448006807F030FA70BD70B50446E9
:102C500004F0E4FA05460DB9012000E00020C14966
:102C60000860084621460268BA48006807F01DFA65
:102C700070BD70B5044604F089FC05460DB901200D
:102C800000E00020B7490860084621460268B148C4
:102C9000006807F00AFA70BD70B5044604F055FAF2
:102CA00005460DB9012000E00020AE490860084645
:102CB00021460268A748006807F0F7F970BD70B5B3
:102CC000044604F065FA05460DB9012000E0002035
:102CD000A44908600846214602689E48006807F03B
:102CE000E4F970BD70B5044604F02AFC05469E4820
:102CF00005602A4621469748006807F0D6F970BD5E
:102D000010B50446204604F063FE10BD10B504461D
:102D1000204604F089FE10BD9449096809B9934919
:102D2000086093490860704710B50446204604F0D7
:102D3000D3FE10BD10B50446204604F0F9FE10BDC8
:102D400010B50446204604F01FFF10BD10B5044620
:102D5000204604F011FE10BD10B50446204604F0D4
:102D6000E3FD10BD10B50446204604F0B5FD10BDCE
:102D700010B50446204604F068FD10BD10B50446A9
:102D8000204604F001FF10BD10B50446204604F0B3
:102D900027FF10BD70B504460D467648007830B95F
:102DA0000120744908707449086002F059FA7348A8
:102DB000214602686748006807F077F9704829469D
:102DC00002686448006807F070F970BD70B5054688
:102DD0006C48007820B901206A490870FEF7F8F8BD
:102DE000FEF751F90446224629465A48006807F082
:102DF0005CF96548046070BD70B5054663480078AD
:102E000020B9012061490870FEF7F6F8FEF75DF978
:102E10000446224629464F48006807F046F95C48B8
:102E2000046070BD70B505465A48007820B901208D
:102E300058490870FEF797F8FEF7A9F804462246AD
:102E400029464448006807F030F95348046070BDD3
:102E500070B505465148007820B901204F490870E7
:102E6000FEF7DEF8FEF7EFF8044622462946394819
:102E7000006807F01AF94A48046070BD10B50446AE
:102E80004848007838B901204649087002F08CFEA5
:102E90000120454908704548007848B10020434961
:102EA00008704348027821462A48006807F0FDF878
:102EB00010BD10B504463F48007838B901203D499F
:102EC000087002F071FE0120374908703A48007816
:102ED00048B10020384908703848027821461D481A
:102EE000006807F0E2F810BD7CB504460D460020EE
:102EF000019000903248007820B9012030490870D4
:102F0000FDF785FE694601A8FDF755FE9DF80420F2
:102F100021461048006807F0C8F89DF800202946AF
:102F20000C48006807F0C1F89DF8040025490860C6
:102F30009DF80000244908607CBD00000000C442E8
:102F400000002041000078420000E040EC0000203A
:102F50002566000040040020A4000020500000204E
:102F60006400002058000020680000205401002068
:102F700058010020C4020020780100202401002014
:102F800028010020C502002094000020C602002075
:102F900098000020C7020020C4000020C8020020C2
:102FA00054000020C90200208801002030010020C8
:102FB00031010020CA02002032010020330100202C
:102FC000CB020020840000208800002070B5054658
:102FD000FE48007830B90120FC490870FEF76EF910
:102FE000FEF7CBF9FEF7CFF90446F948006803284D
:102FF00006D2F8480460F6480068401CF4490860AE
:10300000F4480068844203D9F2480068241A00E0BA
:10301000002422462946F048006807F046F8EF48A9
:10302000046070BD70B50546ED48007830B90120E8
:10303000EB490870FEF742F9FEF79FF9FEF7A3F996
:1030400004464FF4FA70B4FBF0F4322C00D20024A2
:103050000CB1E2480460E14829460268DE48006895
:1030600007F023F870BD70B50546DE48007828B932
:103070000120DC490870032000F03AFE01F057F807
:10308000064607F02AFC044622462946D248006834
:1030900007F00BF8D448046070BD70B50546D348FE
:1030A000007828B90120D1490870022000F020FEE4
:1030B00001F034F8064607F010FC04462246294683
:1030C000C548006806F0F1FFC948046070BD70B5DE
:1030D0000546C848007820B90120C6490870FDF7A8
:1030E000A8FEFDF7B1FE0446C34804602246294607
:1030F000B948006806F0D9FF70BD2DE9F0410546DA
:10310000BE48007820B90120BC490870FDF791FE47
:10311000FDF7C7FE0446204607F0C6FB804607F0D1
:1031200097FB0746214607F039FA0646204607F086
:10313000BBFB0746C01707EB10700011AE490860D3
:103140000846006807F08DFB0746314607F0D1F9C5
:10315000044622462946A048006807F094F8BDE8D6
:10316000F08170B58AB00546A548007868B901209D
:10317000A3490870FEF78BFCFEF7E1FFFFF759F853
:10318000FFF71CF84120FFF726F807A92620FEF7D5
:103190003FFE0446FCB907A8FEF764FE0446D4B916
:1031A0009DF81F009DF81E10CDE900109DF81D3000
:1031B0009DF81C2093A102A807F022FE06460020DD
:1031C00002A9885502AA29468348006806F0BCFF78
:1031D00001200AB070BD0020FBE738B504468E48D8
:1031E0000078E0B901208C4908700121082005F021
:1031F0005FF94FF48050ADF8000048208DF80300CF
:1032000003208DF802006946844804F09BFE4FF4C9
:103210008051824804F041FF0120814908708148B3
:1032200005682A4621466C48006806F03EFF38BD16
:1032300038B504460D467C48007828BB01207A4901
:1032400008700121082005F033F94FF48050ADF8E3
:10325000000048208DF8030003208DF80200694625
:103260006E4804F06FFE4FF40050ADF800004820A7
:103270008DF8030003208DF802006946674804F0CA
:1032800061FE012069490870694821460268524878
:10329000006806F00AFF6748294602684E48006841
:1032A00006F003FF38BD70B504460025624800787B
:1032B00020B9012060490870FDF729FF5F480068C8
:1032C0005F490968451AED082A46214642480068C8
:1032D00006F0EBFE70BD10B504465A48007820B9E0
:1032E000012058490870FDF712FF544800685649FC
:1032F00008605248026821463748006806F0D5FE4B
:1033000010BD10B504465148007848B901204F4916
:1033100008704FF4E13000F029FF01204C4908709B
:103320004C4803F0F5F84C48214602682A480068EA
:1033300006F0BBFE10BD10B504464848007848B9F9
:103340000120464908704FF4E13000F00FFF0120E2
:10335000434908703F48FDF72BFF42482146026869
:103360001D48006806F0A1FE10BD2DE9F04104469D
:103370000F4615461E463C48007848B901203A4998
:1033800008704FF4165000F0F1FE01203749087024
:10339000304803F0ABFB3348214602680E48006812
:1033A00006F083FE2F48394602680B48006806F095
:1033B0007CFE2C48294602680748006806F075FE26
:1033C0002848314602680448006851E0D4020020D1
:1033D000D0020020CC02002040040020C0000020C9
:1033E000D5020020D602002048000020D70200208D
:1033F0004C000020D80200208C000020D9020020C0
:10340000DA02002025303258253032582530325823
:103410002530325800000000DB020020000C014083
:103420008101002044010020DC0200208D010020E9
:103430004C01002050010020DD0200202C00002063
:10344000E0020020E40200203C010020E502002010
:1034500085010020CF43000804010020E60200207F
:1034600084010020F0000020E702002082010020FB
:1034700006F01BFEBDE8F08110B50446FB4800785D
:1034800048B90120F94908704FF4165000F06EFE5B
:103490000120F7490870F74821460268F64800689D
:1034A00006F003FE10BD70B504460E461546F348FF
:1034B000007848B90120F14908704FF4E13000F07C
:1034C00055FE0120EE490870EE4801F097F9EE48EC
:1034D00021460268E848006806F0E7FDEB483146FF
:1034E0000268E548006806F0E0FDE9482946026800
:1034F000E148006806F0D9FD70BD70B504460D4680
:10350000E448007848B90120E24908704FF41650A9
:1035100000F02CFE0120E0490870DA4802F0E8FAD9
:10352000DE4821460268D448006806F0BEFDDC484B
:1035300029460268D048006806F0B7FD70BD70B536
:1035400004460D46D748007848B90120D54908708F
:103550004FF4165000F00AFE0120D3490870D348FA
:10356000007858B1D24A2146C348006806F0ECFD05
:10357000D04A2946C048006806F0E6FD70BD10B587
:103580000446CD48007830B90120CB4908704FF48B
:10359000165000F0EBFD0A2C00DD0A24012C00DAA5
:1035A0000124611EC1EBC101C44A8818072100F043
:1035B0000EFF10BD70B504460D461646C048007893
:1035C00020B90120BE49087001F020F83246294692
:1035D000204601F01FF870BD10B50446B9480078C8
:1035E00020B90120B749087001F010F8204601F019
:1035F0002DF810BD10B50446B348007820B901205D
:10360000B149087001F002F8204601F028F810BD19
:1036100010B50446AD48007820B90120AB490870C8
:1036200000F0F4FF204601F023F810BD70B5044609
:103630000D461646A648007820B90120A449087016
:1036400001F01FF832462946204601F01EF870BDF1
:1036500010B504469F48007820B901209D490870A4
:1036600001F00FF8204601F02BF810BD10B504460C
:103670009948007820B901209749087001F001F8B5
:10368000204601F026F810BD10B504469348007896
:1036900020B901209149087000F0F3FF204601F0A5
:1036A00021F810BD70B504460D4616468C480078CA
:1036B00020B901208A49087001F01DF832462946D8
:1036C000204601F01CF870BD10B50446854800780E
:1036D00020B901208349087001F00DF8204601F05F
:1036E0002AF810BD10B504467F48007820B90120A3
:1036F0007D49087000F0FFFF204601F025F810BD5D
:1037000010B504467948007820B90120774908703F
:1037100000F0F1FF204601F020F810BD70B504461E
:103720000D4616467248007820B90120704908708D
:1037300001F01CF832462946204601F01BF870BD06
:1037400010B504466B48007820B90120694908701B
:1037500001F00CF8204601F029F810BD10B5044620
:103760006548007820B901206349087000F0FEFF29
:10377000204601F024F810BD10B504465F480078DB
:1037800020B901205D49087000F0F0FF204601F0EB
:103790001FF810BD10B504465948007830B9012013
:1037A0005749087001216420FEF79AF82046FEF779
:1037B000E3F810BD10B504465248007830B9012036
:1037C0005049087001216420FEF78AF82046FEF770
:1037D000E0F810BD70B5044600BF4B48007840B912
:1037E0000120494908704FF434714FF4FA60FEF734
:1037F00077F8B42C00D9B424254605EB8500800069
:103800001221B0FBF1F000F2D665A9B23F4806F0F4
:103810001FFA70BD2DE9F04104460D4616461F46BD
:103820003B48007830B9012039490870FDF7C2FFE4
:10383000FDF7AFFE3B46324629462046FDF731FFF5
:10384000BDE8F08170B505460E4614463148007853
:1038500030B901202F490870FDF7ACFFFDF799FE44
:10386000E2B231462846FDF739FF70BDE80200207C
:10387000860100200801002040040020E902002009
:103880007F010020CF430008180100201C01002008
:1038900020010020EA020020870100208000002093
:1038A0007C000020EB02002080010020830100202A
:1038B000D2040020E1040020EC0200208CC00008AB
:1038C000ED020020EE020020EF020020F0020020B6
:1038D000F1020020F2020020F3020020F402002096
:1038E000F5020020F6020020F7020020F802002076
:1038F000F9020020FA020020FB020020FC02002056
:10390000FD020020FE020020FF020020002C0140EA
:10391000000300200103002010B504468F48006812
:1039200006F0B0FB8E4A8FA18C48006806F00CFCB4
:10393000224691A18948006806F006FC8F49874815
:10394000006806F030FC10BD10B5014600200A46A4
:1039500004E012F8013B824C2354401C0B28F8DB96
:1039600000237F4CE37210BD30B5024600201146A3
:10397000834B1B7823B90123814C2370814C237026
:103980000B78322B0CD106E011F8015B0346441C86
:10399000E0B27D4CE5541328F6DB00237A4C235427
:1039A00030BD30B50146002208460378302B0FDBCE
:1039B0000378392B0CDC06E010F8015B1346541C2D
:1039C000E2B2724CE554062AF6DB00236F4CA35496
:1039D00030BD2DE9F041002400276B4D00266C48D6
:1039E0000068401C6A4908602846807C30382946B7
:1039F000497C303901EB810100EB41022846C07B54
:103A000030382946897B303901EB810100EB4100D8
:103A1000C0EB001002EB80045D480068844203D9CB
:103A20005B480068201A02E059480068001B0746FE
:103A3000032F01D95648046006E015F8012B3046E3
:103A4000711CCEB253490A540B2EF6DB2D2051497E
:103A50000871C87100208872002606E015F8012B55
:103A60003046711CCEB24C490A54082EF6DB3A207F
:103A700049498870487100200872454800683C2117
:103A8000B0FBF1F201FB12000A21B0FBF1F201FBE5
:103A9000120030304049C8713D4800683C21B0FBFD
:103AA000F1F201FB12000A21B0FBF1F030303A498B
:103AB0008871374800683C21B0FBF1F00A21B0FB67
:103AC000F1F201FB120030303349087130480068D0
:103AD0003C21B0FBF1F00A21B0FBF1F030302E496F
:103AE000C87008232B4A00211020FFF793FE0823FB
:103AF000294A01211620FFF78DFEBDE8F08170B53F
:103B000004460D462548007838B90120234908703D
:103B100002F046FB01202249087022480078A042AA
:103B200004D00020204908701E4804701E48007808
:103B3000A84207DA1C480078401C1B4908701B4843
:103B4000047002E002201949087070BD184800781E
:103B500010B9012016490870704700004004002089
:103B6000390200206366675F70686F6E655F6E750F
:103B70006D62657200000000736D7300E74300081A
:103B80000203002089010020460200205B02002081
:103B900004030020BC040020C80400200803002007
:103BA0008E0100200A0300200903002038020020B3
:103BB0008C0100207FB505460C460121022004F04F
:103BC00084FC681E80B2ADF80800601E80B2ADF8BB
:103BD00004000020ADF80A00ADF8060001A926484F
:103BE00005F03CFA01221146234805F0AEFD1D20E8
:103BF0008DF8000000208DF8010003208DF80200F0
:103C000001208DF80300684604F0C3FE01211A4824
:103C100005F080FD7FBD7FB505460C4601210420DF
:103C200004F053FC681E80B2ADF80800601E80B23C
:103C3000ADF804000020ADF80A00ADF8060001A9B7
:103C40000E4805F00BFA012211460C4805F07DFDE7
:103C50001E208DF8000000208DF8010003208DF853
:103C6000020001208DF80300684604F092FE012155
:103C7000024805F04FFD7FBD0004004000080040F1
:103C80007FB505460C460121022004F01EFC681E8B
:103C900080B2ADF80800601E80B2ADF804000020CC
:103CA000ADF80A00ADF8060001A9FC4805F0D6F908
:103CB00001221146F94805F048FD1D208DF800004D
:103CC00000208DF8010003208DF8020001208DF8FE
:103CD0000300684604F05DFE7FBD10B50121EF488A
:103CE00005F0E1FF18B10121EC4805F0EDFF10BD32
:103CF0001FB5044648214EF66020FFF7C1FF0121A1
:103D0000E74804F0EEF90121092004F0D1FB012C71
:103D100006D0022C3DD0032C75D0042C72D1A9E022
:103D20004FF48070ADF80C0010208DF80F000320C8
:103D30008DF80E0003A9DB4804F004F98020ADF8EB
:103D40000C0028208DF80F0003A9D64804F0FAF8DB
:103D50000721012004F00AFA8020019000208DF84C
:103D6000080008208DF8090001208DF80A0001A83C
:103D700005F0BCFF17208DF8000002208DF801002F
:103D80008DF8020001208DF80300684604F001FE62
:103D9000A9E04020ADF80C0010208DF80F000320A2
:103DA0008DF80E0003A9BF4804F0CCF82020ADF830
:103DB0000C0028208DF80F0003A9BA4804F0C2F8BF
:103DC0000521012004F0D2F92020019000208DF877
:103DD000080008208DF8090001208DF80A0001A8CC
:103DE00005F084FF17208DF8000002208DF80100F7
:103DF0008DF8020001208DF80300684604F0C9FD2B
:103E000071E000E06EE01020ADF80C008DF80F00BE
:103E100003208DF80E0003A9A24804F093F80820AF
:103E2000ADF80C0028208DF80F0003A99D4804F080
:103E300089F80321012004F099F90820019000205D
:103E40008DF8080008208DF8090001208DF80A007F
:103E500001A805F04BFF09208DF8000002208DF825
:103E600001008DF8020001208DF80300684604F07F
:103E700090FD38E00420ADF80C0010208DF80F0004
:103E800003208DF80E0003A9864804F05BF880201B
:103E9000ADF80C0028208DF80F0003A9814804F02C
:103EA00051F80121084604F061F902200190002038
:103EB0008DF8080008208DF8090001208DF80A000F
:103EC00001A805F013FF07208DF8000002208DF8EF
:103ED00001008DF8020001208DF80300684604F00F
:103EE00058FD00E000BF00BF1FBD2DE9F0410A20D2
:103EF00003F061FF802005F05FFF40B300216748B9
:103F000005F09CFE0121654805F004FC00BF8021FE
:103F1000644804F0A8F80028F9D100215F4805F0B2
:103F2000F9FB5E4805F0ADFE00EB001044002046B2
:103F300006F09CFC054600225B4B06F01AFC074687
:103F400006F00BFD59490860802005F046FF20204F
:103F500005F032FF40B30021504805F06FFE01210B
:103F60004E4805F0D7FB00BF20214E4804F07BF8F7
:103F70000028F9D10021494805F0CCFB474805F05D
:103F800080FE00EB00104400204606F06FFC054662
:103F90000022454B06F0EDFB074606F0DEFC4449E7
:103FA0000860202005F019FFBDE8F0812DE9F041FF
:103FB0000A2003F000FF082005F0FEFE40B30021B8
:103FC000364805F03BFE0121344805F0A3FB00BF55
:103FD0000821344804F047F80028F9D100212F487F
:103FE00005F098FB2D4805F04CFE00EB0010440056
:103FF000204606F03BFC054600222B4B06F0B9FBA1
:10400000074606F0AAFC2B490860082005F0E5FEEB
:10401000BDE8F0812DE9F0410A2003F0CCFE02203A
:1040200005F0CAFE40B300211C4805F007FE01213F
:104030001A4805F06FFB00BF02211A4804F013F87C
:104040000028F9D10021154805F064FB134805F05C
:1040500018FE00EB00104400204606F007FC054661
:104060000022114B06F085FB074606F076FC12494C
:104070000860022005F0B1FEBDE8F08110B54FF4F4
:104080008071084804F009F8142003F094FE4FF4FE
:104090008071044804F003F810BD000000040040E3
:1040A00000023000000C014000409F400C03002043
:1040B00010030020140300201803002010B5402135
:1040C000244803F0EAFF142003F075FE4021214844
:1040D00003F0E5FF10BD10B510211E4803F0DDFF11
:1040E000142003F068FE10211A4803F0D8FF10BD19
:1040F00010B50421174803F0D0FF142003F05BFE35
:104100000421144803F0CBFF10BD10B5FFF7B6FF34
:10411000114803F050FE1148006810BD10B5FFF7BC
:10412000CDFF0D4803F047FE0D48006810BD10B5E7
:10413000FFF7D1FF084803F03EFE0A48006810BDB3
:1041400010B5FFF7D5FF044803F035FE06480068B8
:1041500010BD0000000C0140400D03000C030020C6
:1041600010030020140300201803002010B586B0AF
:1041700004460121042004F09BF90121084604F0C3
:1041800097F90121880304F093F94FF40070ADF81A
:10419000140018208DF8170003208DF8160005A9CB
:1041A000AB4803F0CFFE4FF48060ADF8140004205C
:1041B0008DF8170005A9A64803F0C4FE019400205D
:1041C000ADF80800ADF80A00ADF80C00ADF810002D
:1041D0000C20ADF80E0001A99E4804F014FA01224B
:1041E00040F225519B4804F0A6FA0121994804F0B9
:1041F00096FA4021974804F07AFB25208DF80000BC
:1042000000208DF801008DF8020001208DF80300D8
:10421000684604F0BEFB06B010BD10B586B004467B
:104220000121042004F044F90121480404F04DF96F
:104230000121084604F03CF90420ADF814001820D0
:104240008DF8170003208DF8160005A9804803F0AB
:1042500079FE0820ADF8140004208DF8170005A998
:104260007B4803F06FFE01940020ADF80800ADF824
:104270000A00ADF80C00ADF810000C20ADF80E00EF
:1042800001A9754804F0BFF9012240F22551724896
:1042900004F051FA0121704804F041FA40216E48BF
:1042A00004F025FB26208DF8000000208DF8010089
:1042B00001208DF802008DF80300684604F069FBC8
:1042C00006B010BD10B586B004460121102004F0E0
:1042D000EFF80121880404F0F8F80121084604F001
:1042E000E7F801215D4803F0FCFE4FF48060ADF873
:1042F000140018208DF8170003208DF8160005A96A
:10430000574803F01FFE4FF40060ADF8140004207E
:104310008DF8170005A9524803F014FE01940020FF
:10432000ADF80800ADF80A00ADF80C00ADF81000CB
:104330000C20ADF80E0001A94A4804F064F90122EE
:1043400040F22551474804F0F6F90121454804F0B0
:10435000E6F94021434804F0CAFA27208DF800000E
:1043600000208DF8010001208DF802008DF8030077
:10437000684604F00EFB06B010BD10B50446214699
:10438000354804F039FA00BF8021334804F0A2FA1E
:104390000028F9D010BD10B5044621462D4804F080
:1043A0002BFA00BF80212B4804F094FA0028F9D0A2
:1043B00010BD10B5044621462A4804F01DFA00BF7E
:1043C0008021284804F086FA0028F9D010BD70B585
:1043D00005460E46002403E0285DFFF7DCFF641C61
:1043E000B442F9D370BD70B505460E46002403E013
:1043F000285DFFF7C2FF641CB442F9D370BD70B5ED
:1044000005460E46002403E0285DFFF7D2FF641C3A
:10441000B442F9D370BD70B505462C4603E0207850
:10442000FFF7ABFF641C20780028F8D170BD70B591
:1044300004460D46E1B2084804F0DEF900BF8021D1
:10444000054804F047FA0028F9D0204670BD000066
:1044500000080140003801400044004010001400F2
:10446000001001400048004008B50121102004F070
:104470001FF84FF40050ADF8000010208DF8030035
:1044800003208DF802006946D64803F05BFD08BDA5
:1044900008B50121082004F00BF88020ADF80000D9
:1044A00010208DF8030003208DF802006946CE48E5
:1044B00003F048FD08BD08B50121082003F0F8FF0E
:1044C0004FF48070ADF8000010208DF80300032039
:1044D0008DF802006946C44803F034FD08BD08B5F4
:1044E0000121082003F0E4FF4FF48040ADF8000004
:1044F00010208DF8030003208DF802006946BA48A9
:1045000003F020FD08BD01B502E00098401E0090B8
:1045100000980028F9D108BD002001E0411CC8B274
:104520000B28FBDB7047704700B5014603E040F203
:104530008660FFF7E8FF0800A1F10101F7D100BD97
:1045400070B504460D462946204603F0A6FDFFF748
:10455000EAFF2946204603F0A2FDFFF7DDFF70BD0C
:1045600070B504460D462946204603F096FDFFF738
:10457000D3FF2946204603F092FDFFF7D4FF70BD1C
:1045800070B504460D462946204603F088FD3220CA
:10459000FFF7B9FF2946204603F07FFD2946204654
:1045A00003F07DFD70BD2DE9F04106460F4614462F
:1045B000002510E004F40000B0F5000F04D13946E6
:1045C0003046FFF7CDFF03E039463046FFF7B8FF2E
:1045D0006400681CC5B2182DECDBBDE8F0812DE944
:1045E000F0410746884614461D46002606E02A4646
:1045F00041463846FFF7D7FF701CC6B2A642F6DB2D
:1046000041463846FFF7BCFFBDE8F08110B5FFF723
:104610002BFF10BD2DE9F04105460E46174600243C
:10462000724805704670877000BF44EA064424F45F
:104630007F4444EA052424F0FF043C4322464FF41F
:1046400000516848FFF7AFFFBDE8F08110B50446A0
:104650006648827841782046FFF7DCFF10BD10B530
:10466000044662498A7808782146FFF7D3FF10BDD7
:1046700010B504465D4A517810782246FFF7CAFF0C
:1046800010BD10B5FFF704FF10BD2DE9F041054640
:104690000E4617460024564805704670877000BFC6
:1046A00044EA064424F47F4444EA052424F0FF0449
:1046B0003C43224680214C48FFF775FFBDE8F0815E
:1046C00010B504464A48827841782046FFF7DDFF5E
:1046D00010BD10B5044646498A7808782146FFF790
:1046E000D4FF10BD10B50446414A517810782246D7
:1046F000FFF7CBFF10BD10B5FFF7DDFE10BD2DE9B4
:10470000F04105460E46174600243A4805704670AB
:10471000877000BF44EA064424F47F4444EA052439
:1047200024F0FF043C4322464FF480712E48FFF7EB
:104730003AFFBDE8F08110B504462E4882784178F2
:104740002046FFF7DCFF10BD10B5044629498A78E2
:1047500008782146FFF7D3FF10BD10B50446254A5F
:10476000517810782246FFF7CAFF10BD10B5FFF749
:10477000B6FE10BD2DE9F04105460E461746002451
:104780001D4805704670877000BF44EA064424F453
:104790007F4444EA052424F0FF043C4322464FF4BE
:1047A00080411148FFF7FFFEBDE8F08110B50446D7
:1047B0001148827841782046FFF7DCFF10BD10B524
:1047C00004460D498A7808782146FFF7D3FF10BDCB
:1047D00010B50446084A517810782246FFF7CAFF00
:1047E00010BD000000100140000C01402403002017
:1047F000270300202A0300202D03002038B504469B
:104800002FA00068009002216846A04738BD2DE91E
:10481000FF5F05460C4616462746A946002F4CDD8D
:1048200043E019F8018B274801680068401C254ABD
:104830001060254800F801800078AA2804D00020E4
:1048400011460860204908701E48006808282CD1CD
:104850001D48C079552825D11B4880781A494978C8
:1048600040EA01200FFA80FB174800791649C97801
:1048700040EA01200FFA80FA1348807912494979F9
:1048800040EA012000B203906421039890FBF1F00C
:1048900002909BFBF1F001909AFBF1F00090DDE9B2
:1048A0000112B0470020074908603800A7F101074E
:1048B00003D0044800681E28B3D3BDE8FF9F000062
:1048C000A5510000300300204005002030B50C4603
:1048D000012213E050F82230114605E04D1E50F839
:1048E000255040F82150491E002904DD4D1E50F886
:1048F00025509D42F2DC40F82130521CA242E9DBF7
:1049000030BDF0B503461546012217E051F82240AC
:10491000104605E0461E51F8266041F82060401E12
:10492000002808DD53F82470461E51F8266053F81D
:104930002660B742EEDC41F82040521CAA42E5DB7B
:10494000F0BD2DE9F04F05460C46924698462946A3
:1049500050462268FFF7D5FF4FF0FF3620E0D4F82D
:1049600000B0701C2060771C17E055F82710701CF1
:1049700001D1401E01E055F82600A1EB0009C14518
:1049800003DCC8F10000814506DA55F827102268DB
:10499000501C206045F822107F1C5F45E5DB761C2B
:1049A0002068B042DBDC28462168FFF78FFFBDE8B6
:1049B000F08FF0B505461C46059E012000270F60CC
:1049C00030E052F82070B7422BDD52F820C0471E6D
:1049D00052F82770BC4524DD012300E05B1CC7189A
:1049E000A74207DA52F8207000EB030C52F82CC0F3
:1049F0006745F3D052F8207000EB030C52F82CC03E
:104A000067450CDD0F680F2F09DAD1F800C00CF1F3
:104A100001070F6045F82C005F1C384402E0184481
:104A200000E0401C671E8742CBDCF0BD2DE9F84753
:104A300005460C4616461F46DDE90A9ADDF8248035
:104A40003B46324621462846CDF80080FFF7B1FFAD
:104A50004B46324621462846FFF773FF20685045F3
:104A600001DA206800E050462060BDE8F8872DE9B3
:104A7000FF4FC6B08846994600204590002406E0C6
:104A8000469850F82410459808444590641C4445C5
:104A9000F6DB4598B0FBF8F04590002408E0469816
:104AA00050F824104598081AFE4941F82400641C67
:104AB0004445F4DB002417E0FA4850F8241002467D
:104AC000601C52F820000144A01C52F82000014450
:104AD000E01C52F820000F183846F91707EB9171C7
:104AE000891042F82410641CB4F5F87FE4DB00243C
:104AF0000AE0EC49601C51F8200051F82410401ADB
:104B0000E94941F82400641CB4F5F77FF1DD002485
:104B10000EE0E54951F824200B46611C53F82110A2
:104B2000501800EBD07149101A4642F82410641C4A
:104B3000B4F5F77FEDDB00251BE0002043902C4609
:104B40000BE0D94850F82410601BD84A32F81020E6
:104B5000439801FB12004390641C681D8442F0DB03
:104B600040F27A41439890FBF1F0CF4941F825009B
:104B70006D1CB5F5F47FE0DD00204190002410E0CD
:104B8000C94850F82400002803DDC74850F8240025
:104B900003E0C54850F82400404241990844419040
:104BA000641CB4F5F77FEBDD40F2EF11419890FB08
:104BB000F1F0419005210822419840F2EF13CDE930
:104BC00001210090B84A40A912A8FFF72FFF00204A
:104BD00011904098022821DB01240BE012A850F824
:104BE0002410601E12AA52F82000091A11980844D5
:104BF0001190641C40988442F0DB4098401E11994B
:104C000091FBF0F0119041F27071119891FBF0F16D
:104C10005498016001215598017005E0A449549809
:104C20000160002155980170002407E012A850F897
:104C30002400801C30A941F82400641C4098844260
:104C4000F4DB00240CE0469850F82400954941F824
:104C50002400489850F82400964941F82400641C28
:104C60004445F0DB0020429000242DE001204490D8
:104C700030A850F824A04FF080703F900AF1050052
:104C8000B0F5F77F1FDC0A3800281CDD054611E06F
:104C9000844850F825103F9881420ADA449808B1B8
:104CA000002044907F4850F825003F9021A840F80C
:104CB00024506D1C0AF105008542E9DB449810B9C7
:104CC0004298401C4290641C40988442CEDB42983B
:104CD000022808DA7648C9F80000002153980170CC
:104CE0004AB0BDE8F08F00242EE06E4951F8242030
:104CF0000B46611C53F821100A44A11C53F82110E3
:104D00000A44E11C53F821105018C11700EB9171AF
:104D100089101A4642F82410664951F824200B469F
:104D2000611C53F821100A44A11C53F821100A44B5
:104D3000E11C53F821105018C11700EB9171891034
:104D40001A4642F82410641CB4F5F87FCDDB00202D
:104D500004900026002404E0002005A941F8240066
:104D6000641C052CF8DB00240DE021A850F8240079
:104D7000B0F5FA7F06DD4E48C9F8000000215398CF
:104D80000170ADE7641C42988442EEDB0024AEE083
:104D90004FF07F400D900C9021A9601C51F820002D
:104DA00051F82410401A0A287ADD21A850F824501E
:104DB00016E03C4850F825100C98814204DD394833
:104DC00050F825000C900A953A4850F825100D9897
:104DD000814204DD374850F825000D900B956D1C7D
:104DE00021A9601C51F82000A842E2DC601C51F8A7
:104DF0002000304951F8200021A951F824102D4AF3
:104E000052F82110401A21A951F824200B99891A2F
:104E10004843109021A9601C51F8200051F824103B
:104E2000411A109890FBF1F021A951F82410214A61
:104E300052F821100844109011460B9851F8201098
:104E40001098081A109021A9601C51F820001549EB
:104E500051F8200021A951F82410124A52F82110CB
:104E6000401A21A951F824200A99891A48430F9021
:104E700021A9601C51F8200051F82410411A0F9804
:104E800090FBF1F021A951F82410064A52F82110A4
:104E900008440F9011460B9851F820100F980BE022
:104EA00024E00000200D002060050020D2C0000892
:104EB00019FCFFFFF0140020081A0F900C991098AD
:104EC0004843C01103900D990F984843C711002F14
:104ED0000CDD052E0ADA039840B16421039848439B
:104EE00090FBF7F005A941F82600761C641C429857
:104EF000401EA0423FF74CAF314605A8FFF7E6FC45
:104F0000304606EBD0714FEA610BBBF1010F0CDDAF
:104F1000ABF1010105AA52F8211052F82B20881894
:104F200000EBD0714910049103E005A850F82B0064
:104F30000490049802280DDD0498B8280ADA09497B
:104F40000498085C0E900E98C9F80000012153984F
:104F5000017005E00448C9F8000000215398017071
:104F600000BFBDE610C1000819FCFFFF70B5054683
:104F70000C4600F00FFCAE2000F0C6FC00F051FC27
:104F800000B111E0284600F0BFFC00F04AFC00B17F
:104F90000AE0204600F0B8FC00F043FC00B103E05A
:104FA00000F01CFC012070BD00F018FC0020FAE7A6
:104FB00070B5044600F0EEFBAE2000F0A5FC00F05A
:104FC00030FC00B119E0204600F09EFC00F029FC06
:104FD00000B112E000F0DEFBAF2000F095FC00F025
:104FE00020FC00B109E0002000F0BEFC054600F006
:104FF00067FC00F0F3FB284670BD00F0EFFB0020DB
:10500000FAE72DE9F04782460C46174600253E4652
:1050100000F0C0FBAE2000F077FC00F002FC00B115
:105020003FE0504600F070FC00F0FBFB00B138E0C0
:1050300000F0B0FBAF2000F067FC00F0F2FB00B125
:105040002FE029E0002000F08FFC804600F014FCE7
:10505000002000F089FC814600F00EFC49EA08209F
:1050600024F82500002000F07FFC804600F004FCBE
:10507000002000F079FC8146012E02D100F020FCD6
:1050800001E000F0F9FB49EA082004EB85014880C3
:10509000701EC6B2681CC5B2002ED3D100F09EFBB4
:1050A00000BF00F09BFBBDE8F08770B505460C46DD
:1050B0000020FFF77DFF0120FFF77AFF00F06AFB79
:1050C000AE2000F021FC00F0ACFB00B12AE0284645
:1050D00000F01AFC00F0A5FB00B123E000F05AFB41
:1050E000AF2000F011FC00F09CFB00B11AE00120A1
:1050F00000F03AFC2070012000F036FC60700120C6
:1051000000F032FCA070012000F02EFCE0700120C5
:1051100000F02AFC2071002000F026FC607100F0F5
:105120005DFB00BF00F05AFB70BD10B540210920A7
:10513000FFF71CFF40210920FFF718FF10BD08B53D
:105140000121082003F0B4F94FF40070ADF800001D
:1051500048208DF803006946FE4802F0F3FE00F097
:10516000FFFAFFF7E2FFC0210220FFF7FFFE002158
:105170000320FFF7FBFE00210420FFF7F7FE0021CC
:105180000520FFF7F3FE00210620FFF7EFFE0F21B9
:105190000820FFF7EBFE03210920FFF7E7FE272198
:1051A0000A20FFF7E3FE24210C20FFF7DFFE242175
:1051B0000D20FFF7DBFE7F211020FFF7D7FE08BD93
:1051C00070B504460D462A462146AE2000F069FC23
:1051D00070BD70B504460D462A462146AE2000F04B
:1051E00041FC70BDFEB506460C46002030602060D4
:1051F00002A9FFF7EEFF02A90120FFF7EAFF06234D
:105200006A460721AE2000F0FEFB9DF800502D04F9
:105210003068284430609DF801502D0230682844E1
:1052200030609DF802503068284430609DF803508B
:105230002D042068284420609DF804502D02206829
:10524000284420609DF8055020682844206030687C
:10525000C0F3110030602068C0F311002060FEBD73
:105260003EB5FFF76CFFBC48BC4908600020BC4954
:1052700008604FF4FA70BB4908600020BA49086022
:1052800052E000BFB9480068012804D12046641CE0
:10529000B7498842F6D3B7490720FFF706FFB5485C
:1052A00000788007800BB349497840EA0120B14972
:1052B00089780843B049AC4A126841F82200AD48E9
:1052C000C0788007800BAB49097940EA0120A949E1
:1052D00049790843A949A44A126841F82200A6481E
:1052E000A149096850F821009C490968884206D202
:1052F000A1489D49096850F82100984908609E48D6
:105300009949096850F8210095490968884206D9E9
:1053100099489549096850F82100914908609248D8
:105320000068401C904908608F4800688D490968F2
:105330008842A6DB90488C49096850F821009049C2
:10534000086090489049914A914BCDE90021029024
:10535000894A844801688948FFF789FB3EBDFEB54C
:1053600004460D467C487D49086000207C49086061
:105370006420884908603AE07F488649096850F807
:1053800021108448006864387B4A42F820107B482A
:105390008049096850F821107E4800686438774ACF
:1053A00042F8201074487B49096850F821006B4985
:1053B0000968884206D270487649096850F8210089
:1053C000664908606C487349096850F821006449CF
:1053D0000968884206D968486E49096850F8210072
:1053E0005F4908606B480068401C6A49086069486A
:1053F0000068B0F5FA7FBFDB4FF4C87065490860FC
:10540000E2E064480068401E5B4951F820005C49B6
:10541000086000BF554800680128FBD055490720A7
:10542000FFF743FE534800788007800B51494978C5
:1054300040EA01204F49897808434F49554A12688C
:1054400041F822004B48C0788007800B4949097910
:1054500040EA012047494979084348494D4A1268C2
:1054600041F8220044484B49096850F8210044495A
:105470000968884231D94049464A126851F82210D9
:105480003F4A1268881A05F0ECF94349086034492C
:105490000968324A1268881A05F0E3F9064631466F
:1054A0003D48006805F0B3F83B4908603B493A487D
:1054B000006805F076F8384908600846006805F08D
:1054C000F3F937490968081A354908600846006841
:1054D000002833DA0020086030E027492D4A12689E
:1054E00051F82210264A1268501A05F0BAF92A49D2
:1054F00008601B490968194A1268881A05F0B1F951
:10550000064631462448006805F081F822490860C3
:1055100022492148006805F044F81F490860084600
:10552000006805F0C1F91E49096808441C49086073
:1055300008460068FF2801DDFF2008601148007858
:10554000012837D111480078012833D10E4800785E
:10555000144929E0000C0140FFFF03006003002014
:10556000640300204C0300206C03002024812142AE
:105570000048E80178030020B0240020E01C00204F
:10558000680300205C03002058030020540300201F
:1055900050030020440300207403002000007F43D8
:1055A00070030020410300200870614800786149C1
:1055B000087004E00020604908705E4908705F4888
:1055C0000068401C5D4908605C480068B0F5FA7FDF
:1055D000FFF617AF5A485B495B4A554BCDE90021AE
:1055E00002905A4A5A4801685A48FFF740FA54480C
:1055F0000078012812D15448007801280ED1514872
:10560000006882280ADA4A480068652806DA4D48A8
:105610000068206046480068286017E04848007825
:1056200001280ED14848007801280AD14548006871
:10563000C82806DA4348006820603D4800682860B2
:1056400004E0002020602860401EFEBD0020FCE732
:105650002DE9FC4105460E4600240027694601A8B5
:10566000FFF77DFE3C483D4A127800EBC2000099EE
:1056700041603A4802780078401C384B0199187014
:10568000354840F8321018460078042802DB002024
:105690001946087008E0304850F83400002801DD51
:1056A000012703E0601CC4B2042CF4DB00BFC7B3C5
:1056B000294850F8340050280ADD274850F83400B3
:1056C0000A2190FBF1F201FB12005030286017E034
:1056D000214850F834004B2809DD1F4951F8341097
:1056E00001F1460000EBD0714910296008E01A4929
:1056F00051F8341001F14B0000EBD07149102960D2
:10570000154800EBC4004068322804DA63201249CF
:1057100001EBC4014860104800EBC40040683060F1
:1057200003E0FFE7002028603060BDE8FC81000056
:1057300050030020420300204103002044030020C6
:105740005C0300205803002054030020B0240020F4
:105750004C030020E01C0020C01C00204803002057
:1057600008B50121082002F0A3FE4FF4C070ADF887
:10577000000010208DF8030003208DF80200694618
:10578000D54802F0DFFB0120D4490860D449C1F8B4
:10579000A00108BD10B5D048001D006820F00F0022
:1057A000CD49091D08600846006840F00700086000
:1057B0000120CC490860CA49C1F89C014FF004009F
:1057C00002F0F9FA0020C74908604FF0040002F027
:1057D000F2FA0020C249C1F89C0110BD10B5BE48C4
:1057E000001D006820F00F00BB49091D0860084635
:1057F000006840F0070008600020B8490860B84918
:10580000C1F8A0014FF0040002F0D5FA0120B3491D
:105810000860B349C1F8A0014FF0040002F0CBFAD0
:1058200010BD10B50024AC48001D006820F00F002A
:10583000A949091D08600846006840F00400086096
:105840000120A849086002F0B6FA0120A449C1F875
:105850009C0102F0B0FA07E0601CC4B2FA2C03DD30
:10586000FFF7BCFF012010BD9F4800680028F3D15E
:105870009A49086000BFF6E710B500209749086014
:105880009A48006820F00F009849086008460068B0
:1058900040F0070008604FF000009149C1F8A001F6
:1058A0004FF0020002F087FA01208C4908604FF0A7
:1058B000020002F080FA00208949C1F89C0110BD65
:1058C00010B50020854908608848006820F00F0066
:1058D000864908600846006840F0070008604FF0FD
:1058E00001007F49C1F8A0014FF0020002F063FA05
:1058F00001207A4908604FF0020002F05CFA0020B3
:105900007749C1F89C0110BD70B50446774800681E
:1059100020F00F00754908600846006840F0070055
:10592000086000206D49086005461AE0E0096D49ED
:1059300008604FEA44604FEA10644FF0020002F042
:105940003AFA01206649C1F89C01022002F033FABC
:105950000020624908604FF0020002F02CFA681C37
:10596000C5B2082DE2DB70BD70B5054600245F4866
:10597000006820F00F005D4908600846006840F0AC
:1059800004000860002616E00020544908604FF02B
:10599000020002F010FA01205149C1F89C01600692
:1059A000040E5148006808B1601CC4B2012002F026
:1059B00002FA701CC6B2082EE6DB15B9FFF780FFAD
:1059C00001E0FFF759FF204670BD2DE9F041074681
:1059D0000D461646FFF7DEFE3846FFF795FFFFF748
:1059E00020FF002406E0285DFFF78EFFFFF719FF78
:1059F000601CC4B2B442F6DBFFF7F0FE0A2002F0EE
:105A0000FDF9BDE8F0812DE9F041074688461446CE
:105A10001D46FFF7BFFE3846FFF776FFFFF701FF91
:105A20004046FFF771FFFFF7FCFE47F00100FFF76C
:105A30006BFFFFF7F6FE002605E00120FFF794FF5D
:105A4000A055701CC6B2681EB042F6DC0020FFF7FD
:105A50008BFF691E6054FFF7C1FE0A2002F0CEF9E9
:105A6000BDE8F08170B504460D461646FFF792FE7C
:105A70002046FFF749FFFFF7D4FE2846FFF744FF13
:105A8000FFF7CFFEFFF786FE44F00100FFF73CFF73
:105A9000FFF7C7FE0020FFF767FF3070FFF79EFE9D
:105AA00070BD70B506460C461546FFF773FE3046CE
:105AB000FFF72AFFFFF7B5FE2046FFF725FFFFF7A8
:105AC000B0FE2846FFF720FFFFF7ABFEFFF786FE8C
:105AD0000A2002F093F970BD000C01409C81214224
:105AE00000802142A081214220812142040C0140FA
:105AF0001CB5044628A103C9CDE90001062168466A
:105B0000A0471CBD2DE9F05F05460C46164627460A
:105B1000A9464FF0000AD346002F3BDD32E019F8CA
:105B2000018B1F4801680068401C1D4A10601D4819
:105B300000F801800078AA2804D0002011460860EF
:105B400018490870164800680C281BD11548807940
:105B5000AB2814D11348C079C0EB00201149097A51
:105B60000844642190FBF1FB0E484078C0EB002014
:105B70000C49897800EB010A59465046B04700208D
:105B8000074908603800A7F1010703D004480068FE
:105B90001E28C4D3BDE8F09FA000000000A00000B4
:105BA00080030020E42C002008B50121042002F02D
:105BB0007FFC48208DF803004FF48070ADF80000A2
:105BC00003208DF802006946E34802F0BBF9012189
:105BD000042002F06DFC48208DF803004FF4805043
:105BE000ADF8000003208DF802006946DA4802F0A3
:105BF000A9F90121082002F05BFC48208DF8030080
:105C00000820ADF8000003208DF802006946D34853
:105C100002F098F90121082002F04AFC48208DF892
:105C200003001020ADF8000003208DF80200694643
:105C3000CA4802F087F908BD38B50446012108209A
:105C400002F036FCE4B128208DF8030003208DF823
:105C500002004FF47040ADF800006946BF4802F002
:105C600071F910208DF8030003208DF802004FF425
:105C70007070ADF800006946B84802F063F91BE0A7
:105C800048208DF8030003208DF802004FF4707057
:105C9000ADF800006946B14802F054F910208DF8C3
:105CA000030003208DF802004FF47040ADF80000AF
:105CB0006946AA4802F046F938BD08B1A84908600B
:105CC000704710B5A748007850B1A548006818B1D2
:105CD0000120A349096888470020A249087037E0DD
:105CE000A148007850B19E48006818B102209C4934
:105CF0000968884700209C49087029E09B48007883
:105D000050B19748006818B1032095490968884741
:105D10000020964908701BE09548007850B19048E3
:105D2000006818B104208E4909688847002090490E
:105D300008700DE08F48007850B18948006820B1A4
:105D40008C4800788649096888470020894908708E
:105D500010BD10B54FF480717F4802F084F948B946
:105D60008548007810B101208449087001208249DB
:105D700008700AE08148007810B101207949087064
:105D800000207E4908707C4908704FF480517248A9
:105D900002F069F948B97A48007810B101207949D0
:105DA00008700120764908700AE07648007810B142
:105DB00001206D4908700020724908707049087010
:105DC0000821664802F04FF948B96F48007810B1D1
:105DD00001206E49087001206B4908700AE06B4889
:105DE000007810B1012061490870002067490870EF
:105DF000654908701021594802F035F948B96448DE
:105E0000007810B1012063490870012060490870D2
:105E10000AE06048007810B1012055490870002060
:105E20005C4908705A4908705B4801780078401C4A
:105E3000594A1070142904DDFFF743FF002056492A
:105E4000087010BD10B50020FFF7F6FE0020534982
:105E500008605349C1F8B801524908605049C1F877
:105E6000B0015148006818B901205049087013E08A
:105E70004F48006818B902204C4908700CE04D48A2
:105E8000006818B903204949087005E04A480068CD
:105E900010B90420454908700120FFF7CDFE01200C
:105EA000464908603E49C1F89C01454908603C49A3
:105EB000C1F8A40143480068012804D13B48007898
:105EC0003A4908701CE040480068012805D137486D
:105ED0000078001D3549087012E03C480068012830
:105EE00005D13248007808303049087008E0384859
:105EF0000068012804D12D4800780C302B49087027
:105F0000344801780078401C324A1070142912DDA0
:105F10002648007850B12548007816490870FFF7E8
:105F2000D0FE224800780E490968884700201F49A2
:105F300008702849087010BD10B527480068401C3B
:105F400025490860084600680A2804D3FFF701FFC6
:105F500000202149086010BD00080140000C0140EC
:105F60009C0300208403002085030020860300207A
:105F700087030020880300208A0300208E0300206E
:105F80008B0300208F0300208C030020900300204F
:105F90008D0300209103002092030020BC81214248
:105FA00000802142B48121421881214293030020C4
:105FB0001C81214220812142248121429881214259
:105FC000A08121423C8121423881214234812142F9
:105FD0003081214294030020980300207047F8B5D7
:105FE0000746002600BF5FE04EB969A1694804F08A
:105FF00065FA040056D10120FFF7F0FF52E0641C5F
:1060000063A1204604F05AFA050048D0072E2ED28C
:10601000DFE806F02D040B11181F26002A1B21466D
:106020005C48523004F026FA22E02A1B21466846DA
:1060300004F020FA1CE02A1B214656485D3004F08B
:1060400019FA15E02A1B214652486C3004F012FA66
:106050000EE02A1B21464F486E3004F00BFA07E091
:106060002A1B21464B487D3004F004FA00E000BFB3
:1060700000BF2C460120474981F851009DF80000DF
:10608000412803D1012081F87F0007E09DF800003E
:10609000562803D100203F4981F87F0002E002200A
:1060A000FFF79CFF701CC6B2062E9DDD394890F8A4
:1060B0007F00012811D10020364981F87F005D3131
:1060C00001F11100B8470F2132485D3004F0EBF9BF
:1060D0000F2130486E3004F0E6F9F8BD2DE9F041AB
:1060E00006460F46904600254DE0745D242C02D1F3
:1060F00000202949087028480078052808DC26482F
:1061000001780078401C244A10702448445439E037
:1061100022480078242835D1204800794D2831D1F3
:106120001E48407943282DD11B4801780078401C37
:10613000194A1070194844540A2C17D15021154897
:1061400004F0B1F9144802781449124804F092F9A5
:106150000120104981F8500000200F4908704C219F
:106160000E4804F0A0F94046FFF739FF0A480078CE
:106170004B2807DB4B200849087000200749064AD6
:10618000127888546D1CBD42AFD3BDE8F081000089
:106190002C0000004E2D0020A0030020022D002026
:1061A00008B50121082002F083F910208DF80300C2
:1061B00003208DF80200D820ADF800006946A548FC
:1061C00001F0C0FE08BD70B505460C46002D4DD04F
:1061D000052C49D2DFE804F003041526370044E01B
:1061E00080219C4801F05BFF40219A4801F055FF57
:1061F0001021984801F051FF0821964801F04DFF09
:1062000033E08021934801F048FF4021914801F09C
:1062100046FF10218F4801F040FF08218D4801F012
:106220003CFF22E080218B4801F037FF4021894864
:1062300001F033FF1021874801F031FF0821854824
:1062400001F02BFF11E08021824801F026FF402160
:10625000804801F022FF10217E4801F01EFF082136
:106260007C4801F01CFF00E000BF4DE0052C49D246
:10627000DFE804F003372615040044E08021754868
:1062800001F00DFF4021734801F007FF1021714814
:1062900001F003FF08216F4801F0FFFE33E0802189
:1062A0006C4801F0FAFE40216A4801F0F8FE102126
:1062B000684801F0F2FE0821664801F0EEFE22E097
:1062C0008021644801F0E9FE4021624801F0E5FECA
:1062D0001021604801F0E3FE08215E4801F0DDFE78
:1062E00011E080215B4801F0D8FE4021594801F0BF
:1062F000D4FE1021574801F0D0FE0821554801F086
:10630000CEFE00E000BF00BF70BD70B505460C4674
:10631000002D4DD1052C49D2DFE804F003041526E9
:10632000370044E080214B4801F0B9FE4021494844
:1063300001F0B3FE1021474801F0AFFE08214548A7
:1063400001F0ADFE33E08021424801F0A8FE40217B
:10635000404801F0A4FE10213E4801F09EFE0821B5
:106360003C4801F09AFE22E080213A4801F095FE77
:106370004021384801F093FE1021364801F08FFE8D
:106380000821344801F089FE11E08021314801F0F4
:1063900084FE40212F4801F080FE10212D4801F09D
:1063A0007EFE08212B4801F07AFE00E000BF4FE09E
:1063B000012D4DD1052C49D2DFE804F00337261515
:1063C000040044E08021234801F069FE4021214877
:1063D00001F063FE10211F4801F05FFE08211D48F7
:1063E00001F05BFE33E080211A4801F056FE4021A7
:1063F000184801F054FE1021164801F04EFE082105
:10640000144801F04AFE22E08021124801F045FEC6
:106410004021104801F041FE10210E4801F03FFEDE
:1064200008210C4801F039FE11E08021094801F0F3
:1064300034FE4021074801F030FE1021054801F0EC
:106440002CFE0821034801F02AFE00E000BF00BF37
:1064500070BD0000000C01402DE9F04706460D46D6
:106460001746A946B046B9F1000F45DD3BE018F8E4
:10647000014B182C0ED121480078FF280AD1204961
:1064800008701820487001201E49087002201E491B
:10649000086026E01B480078012822D11A480168CC
:1064A0000068401C184A1060154844541348047092
:1064B00010460068092814DB114800790A2190FB76
:1064C000F1F00F49C97801EB810100EB41000F4960
:1064D000086008460068B84700200A4908700A4961
:1064E0000860064804705FEA0900A9F1010903D0B9
:1064F000054800681E28BAD3BDE8F087A80300202D
:10650000CE2D0020A9030020A4030020AC0300200E
:106510003EB5044634A207CA8DE807000921684643
:10652000A0473EBD2DE9F04707460D4690463C4644
:10653000A946B9F10B0F54DD4AE014F8016B552E52
:1065400026D12C48007818BB04E02B480068401C7A
:106550002949086028480068215C284A26480068C4
:10656000401C105C814203D1234800680728ECDB03
:1065700021480068072807D101201E49087008201B
:106580001D490860E41D23E000201B4908601FE04E
:106590001848007801281BD1174801680068401C82
:1065A000154A106016484654104600680A280FDB4A
:1065B0001348407A1249097A00EB0120114908601A
:1065C00008460068C04700200B4908600949087068
:1065D0005FEA0900A9F1010903D0074800681E28F5
:1065E000ABD3BDE8F0870000510A000100050200AE
:1065F00063000000C0030020BC030020B0030020A3
:10660000EC2D0020B803002070B504460D46294645
:106610002046FDF7E8FE70BD10B50446F74803F0CC
:1066200031FD2246F6A1F54803F08EFDAFF22701B9
:10663000F24803F0B8FD10BDF34908607047F34914
:1066400008607047F24B1860F24B1960F24B1A6009
:106650007047F24A1060F24A11607047F1490860D1
:10666000704710B50024F0480068401CEE490860EF
:10667000084600681E2802D90020EC4908604FF443
:106680008051EB4801F0EFFC0446012C0CD1E948A5
:10669000007848B9E44800686421B1FBF0F0E349B0
:1066A00008600020E0490860E248047010BD10B5A1
:1066B000E14C2060E14C2160E14C2260E14C236020
:1066C00010BD70B504460D460120DF490870214613
:1066D000DE4803F005FF2946DD4803F001FF70BDE9
:1066E00038B5002405E09DF800202046641CD949F7
:1066F0000A546946D84803F049FE10B9B4F5007F42
:10670000F1D3D648007828B1AFF2D3022146D14860
:10671000FAF757FDD248007828B1AFF2DD022146E2
:10672000CC48FFF7FFFECF48007828B1AFF2D30284
:106730002146C848FFF790FECB48007828B1AFF259
:10674000FB022146C348FEF762F8C848007828B12A
:10675000AFF201122146BF48FFF7D4F9C4480078D0
:1067600028B1AFF2A1022146BA48FFF7B7FCC148F1
:10677000007808B1FFF775FFBF48007828B1AFF285
:10678000D1022146B34800F0BBF938BD1CB5BB4867
:10679000006868B1694601A8FEF75AFF019838B150
:1067A000009828B1B64901980860B6490098086079
:1067B0001CBD10B5B448007808B1FDF70AF9B3481C
:1067C000006800B3B2480068401CB1490860B14895
:1067D000006888B108460068AE490968B0FBF1F26C
:1067E00001FB120058B9AC48007808B9012000E05C
:1067F0000020A949087002E00020A7490870A648B7
:106800000078FCF783FA10BD01281CD10121A34AAE
:106810001160A34A1170A349097809B9012100E068
:106820000021A04A1170A049096841B19F49096837
:1068300009B9012100E000219C4A1160B6E0002165
:106840009A4A1160B2E0022854D10121984A11708D
:106850009849097809B9012100E00021954A117091
:1068600092490968D9B3904909680522B1FBF2F34E
:1068700002FB1311012905D18F490968491C8E4A71
:10688000116093E0884909680522B1FBF2F302FB2D
:106890001311022905D189490968491C874A1160E9
:1068A00084E0814909680522B1FBF2F302FB131170
:1068B000032905D182490968491C814A116075E0A4
:1068C000794909680522B1FBF2F302FB131104298F
:1068D0006CD17C490968491C7A4A116066E0FFE77F
:1068E00071490968042961D26F490968491C6E4AD7
:1068F00011605BE0032854D16C490968A9B36A4967
:1069000009680522B1FBF2F302FB1311012908D13A
:106910006949096841B368490968491E664A1160B6
:1069200044E0614909680522B1FBF2F302FB13114F
:10693000022908D161490968B1B160490968491E55
:106940005E4A116032E0584909680522B1FBF2F352
:1069500002FB1311032909D15949096821B158498A
:106960000968491E564A116020E011E04E49096845
:106970000522B1FBF2F302FB1311042916D1514990
:10698000096899B14F490968491E4E4A11600DE0E6
:106990004549096851B144490968491E424A116094
:1069A00004E0042802D10121474A116047490978CF
:1069B00009B147490870704710B54648007808B1DA
:1069C000FFF7C7F94148007808B1FFF73BFA4248A2
:1069D000007808B1FBF74EFC4048007868B14048A9
:1069E000007800F00300411C3E480078FFF78DFC62
:1069F0003B480068401C3A49086010BD0C3000203C
:106A00006361726431000000F00000200401002086
:106A1000180100201C01002020010020800000201F
:106A20007C000020080100204001002044010020DB
:106A3000000C0140C8030020F4000020F8000020F2
:106A4000FC0000200001002083010020D20400206F
:106A5000E10400200C2E0020683700208401002073
:106A600085010020860100207F0100208701002091
:106A70008001002081010020820100207801002097
:106A80002401002028010020890100205401002059
:106A9000CC03002058010020D0030020FC0100207E
:106AA0003001002031010020240200201C020020BF
:106AB0003201002033010020280200202C02002097
:106AC0003002002034020020200200208C0100202F
:106AD00034010020880100208B0100208E0100205D
:106AE000D403002038020020704700001CB5044683
:106AF0003CA103C9CDE9000108216846A0471CBD9F
:106B00002DE9FC5F06460D461746A846B146B8F18A
:106B1000000F65DD5BE019F8014B082C17D13348F5
:106B20000078032813D13248007801280FD131486A
:106B3000007860B901202F4908702F4908700320A0
:106B400048700820887003202C49086039E02948E3
:106B50000078012835D1294801680068401C274A7F
:106B6000106025484454104600680D2829DB22484F
:106B7000C078C0EB00202049097900EB010A1E48CB
:106B80004079C0EB00201C49897900EB010B1A48C1
:106B9000C079C0EB00201849097A084401901648D2
:106BA000407AC0EB00201449897A08440090594685
:106BB0005046DDE90032B84700200E4908700F4901
:106BC00008600A4800780A490870084804705FEABB
:106BD0000800A8F1010803D00848006814289AD3D7
:106BE000BDE8FC9F010300030004B409DC0300209E
:106BF000DD030020DE0300207C390020D8030020C4
:106C000010B5FE48007828B90120FC490870002022
:106C1000F9F7FAFE0020F9F733FF0446204610BDCD
:106C200010B5F748007820B90120F5490870F9F748
:106C3000EBFE0120F9F724FF0446204610BD10B5F5
:106C4000F048007828B90120EE4908700220F9F7D1
:106C5000DBFE0220F9F714FF0446204610BD10B5F4
:106C6000E948007828B90120E74908700320F9F7BE
:106C7000CBFE0320F9F704FF0446204610BD10B5F3
:106C8000E248007828B90120E04908700420F9F7AB
:106C9000BBFE0420F9F7F4FE0446204610BD10B5F3
:106CA000DB48007828B90120D94908700520F9F798
:106CB000ABFE0520F9F7E4FE0446204610BD10B5F2
:106CC000D448007828B90120D24908700620F9F785
:106CD0009BFE0620F9F7D4FE0446204610BD10B5F1
:106CE000CD48007828B90120CB4908700720F9F772
:106CF0008BFE0720F9F7C4FE0446204610BD38B5C8
:106D0000C6480078B8B90120C449087001210420A0
:106D100001F0CEFB0120ADF8000048208DF8030003
:106D200003208DF802006946BD4801F00BF90121EE
:106D3000BB4801F0B4F90121B94801F094F90446C7
:106D4000204638BD38B5B7480078B8B90120B549F4
:106D500008700121042001F0ABFB0220ADF8000017
:106D600048208DF8030003208DF802006946AC48E6
:106D700001F0E8F80221AA4801F091F90221A8489F
:106D800001F071F90446204638BD38B5A6480078B0
:106D9000B8B90120A44908700121042001F088FB42
:106DA0000420ADF8000048208DF8030003208DF882
:106DB000020069469A4801F0C5F80421984801F09C
:106DC0006EF90421964801F04EF90446204638BD7C
:106DD00038B596480078B8B9012094490870012167
:106DE000042001F065FB0820ADF8000048208DF874
:106DF000030003208DF802006946894801F0A2F8DB
:106E00000821874801F04BF90821854801F02BF94A
:106E10000446204638BD38B585480078B8B9012009
:106E2000834908700121042001F042FB1020ADF8D5
:106E3000000048208DF8030003208DF80200694609
:106E4000774801F07FF81021754801F028F91021EA
:106E5000734801F008F90446204638BD38B5754836
:106E60000078B8B90120734908700121042001F0AD
:106E70001FFB2020ADF8000048208DF80300032000
:106E80008DF802006946664801F05CF820216448EC
:106E900001F005F92021624801F0E5F8044620469A
:106EA00038BD38B564480078B8B901206249087027
:106EB0000121042001F0FCFA4020ADF80000482038
:106EC0008DF8030003208DF802006946544801F054
:106ED00039F84021524801F0E2F84021504801F0D1
:106EE000C2F80446204638BD38B554480078B8B9D1
:106EF0000120524908700121042001F0D9FA8020B4
:106F0000ADF8000048208DF8030003208DF8020042
:106F10006946434801F016F88021414801F0BFF866
:106F200080213F4801F09FF80446204638BD38B51F
:106F300043480078C8B90120414908700121042064
:106F400001F0B6FA4FF48070ADF8000048208DF8DB
:106F5000030003208DF802006946314800F0F2FF7B
:106F60004FF480712E4801F09AF84FF480712C484C
:106F700001F079F80446204638BD38B5314800782C
:106F8000C8B901202F4908700121042001F090FAAE
:106F90004FF40070ADF8000048208DF80300032086
:106FA0008DF8020069461E4800F0CCFF4FF40071D6
:106FB0001B4801F074F84FF40071194801F053F8C0
:106FC0000446204638BD38B51F480078A8B90120CE
:106FD0001D4908700121042001F06AFA4FF4806015
:106FE000ADF8000048208DF8030003208DF8020062
:106FF00069460B4800F0A6FF28E02CE0DF030020E4
:10700000E0030020E1030020E2030020E30300206E
:10701000E4030020E5030020E6030020E70300204E
:1070200000080140E8030020E9030020EA030020F3
:10703000EB030020EC030020ED030020EE03002012
:10704000EF030020F0030020F10300204FF48061E3
:10705000FE4801F024F84FF48061FC4801F003F889
:107060000446204638BD38B5F9480078C8B9012033
:10707000F74908700121042001F01AFA4FF400606A
:10708000ADF8000048208DF8030003208DF80200C1
:107090006946EE4800F056FF4FF40061EB4800F0FF
:1070A000FEFF4FF40061E94800F0DDFF0446204692
:1070B00038BD38B5E7480078C8B90120E5490870FF
:1070C0000121042001F0F4F94FF48050ADF80000E4
:1070D00048208DF8030003208DF802006946DB4844
:1070E00000F030FF4FF48051D84800F0D8FF4FF443
:1070F0008051D64800F0B7FF0446204638BD38B569
:10710000D5480078C8B90120D3490870012104206E
:1071100001F0CEF94FF40040ADF8000048208DF8A2
:10712000030003208DF802006946C84800F00AFFFA
:107130004FF40041C54800F0B2FF4FF40041C3488E
:1071400000F091FF0446204638BD38B5C3480078AA
:10715000B8B90120C14908700121082001F0A8F93F
:107160000120ADF8000048208DF8030003208DF8C1
:1071700002006946BA4800F0E5FE0121B84800F077
:107180008EFF0121B64800F06EFF0446204638BD50
:1071900038B5B4480078B8B90120B2490870012167
:1071A000082001F085F90220ADF8000048208DF894
:1071B000030003208DF802006946A94800F0C2FED2
:1071C0000221A74800F06BFF0221A54800F04BFF09
:1071D0000446204638BD38B5A3480078B8B9012028
:1071E000A14908700121082001F062F90820ADF8DA
:1071F000000048208DF8030003208DF80200694646
:10720000974800F09FFE0821954800F048FF0821AC
:10721000934800F028FF0446204638BD38B593480F
:107220000078B8B90120914908700121082001F0C7
:107230003FF91020ADF8000048208DF8030003202E
:107240008DF802006946864800F07CFE10218448D3
:1072500000F025FF1021824800F005FF044620467B
:1072600038BD38B582480078B8B901208049087027
:107270000121082001F01CF92020ADF80000482071
:107280008DF8030003208DF802006946744800F071
:1072900059FE2021724800F002FF2021704800F0C2
:1072A000E2FE0446204638BD38B572480078B8B9C9
:1072B0000120704908700121082001F0F9F84020F0
:1072C000ADF8000048208DF8030003208DF802007F
:1072D0006946634800F036FE4021614800F0DFFE59
:1072E00040215F4800F0BFFE0446204638BD38B557
:1072F00061480078B8B901205F4908700121082071
:1073000001F0D6F88020ADF8000048208DF8030089
:1073100003208DF802006946514800F013FE8021D9
:107320004F4800F0BCFE80214D4800F09CFE044612
:10733000204638BD38B551480078C8B901204F49BA
:1073400008700121082001F0B3F84FF48070ADF807
:10735000000048208DF8030003208DF802006946E4
:107360003F4800F0EFFD4FF480713D4800F097FE7C
:107370004FF480713A4800F076FE0446204638BD4E
:1073800038B53F480078C8B901203D49087001214F
:10739000082001F08DF84FF40070ADF8000048208F
:1073A0008DF8030003208DF8020069462C4800F098
:1073B000C9FD4FF400712A4800F071FE4FF40071CE
:1073C000274800F050FE0446204638BD38B52D4809
:1073D0000078C8B901202B4908700121082001F06C
:1073E00067F84FF48060ADF8000048208DF8030086
:1073F00003208DF802006946194800F0A3FD4FF400
:107400008061174800F04BFE4FF48061144800F093
:107410002AFE0446204638BD38B51B480078A8BB74
:107420000120194908700121082001F041F84FF4AA
:107430000060ADF8000048208DF8030003208DF8AF
:1074400002006946064800F07DFD20E0000801408A
:10745000F2030020F3030020F4030020F5030020D2
:10746000000C0140F6030020F7030020F803002081
:10747000F9030020FA030020FB030020FC03002096
:10748000FD030020FE030020FF03002004E04FF472
:107490000061FE4800F003FE4FF40061FB4800F07D
:1074A000E2FD0446204638BD38B5F9480078C8B931
:1074B0000120F74908700121082000F0F9FF4FF47E
:1074C0008050ADF8000048208DF8030003208DF8AF
:1074D00002006946ED4800F035FD4FF48051EB485D
:1074E00000F0DDFD4FF48051E84800F0BCFD04469B
:1074F000204638BD38B5E7480078C8B90120E549CD
:1075000008700121082000F0D3FF4FF40050ADF8BF
:10751000000048208DF8030003208DF80200694622
:10752000DA4800F00FFD4FF40051D84800F0B7FDE5
:107530004FF40051D54800F096FD0446204638BD72
:1075400038B5D5480078C8B90120D3490870012161
:10755000082000F0ADFF4FF48040ADF80000482057
:107560008DF8030003208DF802006946C74800F03B
:10757000E9FC4FF48041C54800F091FD4FF4804193
:10758000C24800F070FD0446204638BD38B5C348F7
:107590000078C8B90120C14908700121082000F015
:1075A00087FF4FF40040ADF8000048208DF803003D
:1075B00003208DF802006946B44800F0C3FC4FF484
:1075C0000041B24800F06BFD4FF40041AF4800F0BD
:1075D0004AFD0446204638BD38B5B1480078C8B9E0
:1075E0000120AF4908700121102000F061FF4FF425
:1075F0000050ADF8000048208DF8030003208DF8FE
:1076000002006946A74800F09DFC4FF40051A548D0
:1076100000F045FD4FF40051A24800F024FD04465F
:10762000204638BD38B5A0480078C8B901209E4929
:1076300008700121102000F03BFF4FF48040ADF8AE
:10764000000048208DF8030003208DF802006946F1
:10765000944800F077FC4FF48041924800F01FFD01
:107660004FF480418F4800F0FEFC0446204638BDB0
:1076700038B58E480078C8B901208C4908700121BE
:10768000102000F015FF4FF40040ADF80000482036
:107690008DF8030003208DF802006946814800F050
:1076A00051FC4FF400417F4800F0F9FC4FF40041D9
:1076B0007C4800F0D8FC0446204638BD38B5044666
:1076C0007B480078B8B90120794908700121082069
:1076D00000F0EEFE0120ADF8000010208DF8030050
:1076E00003208DF802006946684800F02BFC012158
:1076F000664800F0D4FC24B10121644800F0CFFCBE
:1077000003E00121614800F0C8FC38BD38B50446EB
:1077100068480078B8B9012066490870012108203E
:1077200000F0C6FE0220ADF8000010208DF8030026
:1077300003208DF802006946544800F003FC022142
:10774000524800F0ACFC24B10221504800F0A7FCE4
:1077500003E002214D4800F0A0FC38BD38B50446D6
:1077600055480078B8B90120534908700121082014
:1077700000F09EFE0420ADF8000010208DF80300FC
:1077800003208DF802006946404800F0DBFB04212D
:107790003E4800F084FC24B104213C4800F07FFC0A
:1077A00003E00421394800F078FC38BD38B50446C0
:1077B00042480078B8B901204049087001210820EA
:1077C00000F076FE0820ADF8000010208DF80300D0
:1077D00003208DF8020069462C4800F0B3FB082115
:1077E0002A4800F05CFC24B10821284800F057FC2E
:1077F00003E00821254800F050FC38BD38B50446A8
:107800002F480078B0B901202D49087001210820C7
:1078100000F04EFE1020ADF800008DF803000320AC
:107820008DF802006946194800F08CFB10211748BA
:1078300000F035FC24B11021144800F030FC03E0C6
:107840001021124800F029FC38BD38B504461D4807
:107850000078B8B901201B4908700121082000F008
:1078600027FE2020ADF8000010208DF80300032033
:107870008DF802006946054800F064FB20210348AA
:1078800000F00DFC1CB3202100481DE0000C01405D
:107890000004002001040020020400200304002052
:1078A000040400200010014005040020060400200C
:1078B0000704002008040020090400200A04002016
:1078C0000B0400200C04002000F0E9FB03E0202161
:1078D000FE4800F0E2FB38BD38B50446FC480078AD
:1078E000B8B90120FA4908700121082000F0E0FD34
:1078F0004020ADF8000010208DF8030003208DF823
:1079000002006946F14800F01DFB4021EF4800F0FD
:10791000C6FB24B14021ED4800F0C1FB03E040214B
:10792000EA4800F0BAFB38BD38B50446E9480078AB
:10793000B8B90120E74908700121082000F0B8FD1E
:107940008020ADF8000010208DF8030003208DF892
:1079500002006946DD4800F0F5FA8021DB4800F0BE
:107960009EFB24B18021D94800F099FB03E08021DF
:10797000D64800F092FB38BD38B50446D6480078AA
:10798000C8B90120D44908700121082000F090FDF9
:107990004FF48070ADF8000010208DF80300032034
:1079A0008DF802006946C94800F0CCFA4FF48071A6
:1079B000C64800F074FB2CB14FF48071C34800F04E
:1079C0006EFB04E04FF48071C04800F066FB38BDE8
:1079D00038B50446C1480078C8B90120BF490870CD
:1079E0000121082000F064FD4FF40070ADF80000A4
:1079F00010208DF8030003208DF802006946B3487B
:107A000000F0A0FA4FF40071B04800F048FB2CB130
:107A10004FF40071AD4800F042FB04E04FF40071F8
:107A2000AA4800F03AFB38BD38B50446AC480078A7
:107A3000C8B90120AA4908700121082000F038FDCA
:107A40004FF48060ADF8000010208DF80300032093
:107A50008DF8020069469D4800F074FA4FF4806189
:107A60009A4800F01CFB2CB14FF48061974800F05D
:107A700016FB04E04FF48061944800F00EFB38BD23
:107A800038B5044697480078C8B901209549087070
:107A90000121082000F00CFD4FF40060ADF800005B
:107AA00010208DF8030003208DF8020069468748F6
:107AB00000F048FA4FF40061844800F0F0FA2CB16D
:107AC0004FF40061814800F0EAFA04E04FF40061ED
:107AD0007E4800F0E2FA38BD38B5044682480078A6
:107AE000C8B90120804908700121082000F0E0FC9D
:107AF0004FF48050ADF8000010208DF803000320F3
:107B00008DF802006946714800F01CFA4FF480516C
:107B10006E4800F0C4FA2CB14FF480516B4800F06D
:107B2000BEFA04E04FF48051684800F0B6FA38BD60
:107B300038B504466D480078C8B901206B49087013
:107B40000121082000F0B4FC4FF40050ADF8000013
:107B500010208DF8030003208DF8020069465B4871
:107B600000F0F0F94FF40051584800F098FA2CB1A9
:107B70004FF40051554800F092FA04E04FF40051E0
:107B8000524800F08AFA38BD38B5044658480078A3
:107B9000C8B90120564908700121082000F088FC6E
:107BA0004FF48040ADF8000010208DF80300032052
:107BB0008DF802006946454800F0C4F94FF4804151
:107BC000424800F06CFA2CB14FF480413F4800F07D
:107BD00066FA04E04FF480413C4800F05EFA38BD9C
:107BE00038B5044643480078C8B9012041490870B7
:107BF0000121082000F05CFC4FF40040ADF80000CB
:107C000010208DF8030003208DF8020069462F48EC
:107C100000F098F94FF400412C4800F040FA2CB1E4
:107C20004FF40041294800F03AFA04E04FF40041D3
:107C3000264800F032FA38BD38B504462E480078A0
:107C4000C8B901202C4908700121102000F030FC37
:107C50004FF40050ADF8000010208DF80300032011
:107C60008DF802006946254800F06CF94FF4005188
:107C7000224800F014FA2CB14FF400511F4800F0D4
:107C80000EFA04E04FF400511C4800F006FA38BD2B
:107C900038B504461A480078A0BB0120184908707E
:107CA0000121102000F004FC4FF48040ADF80000EA
:107CB00010208DF8030003208DF8020069460F485C
:107CC00000F040F94FF480410C481CE0000C0140EA
:107CD0000D0400200E0400200F04002010040020DA
:107CE00011040020120400201304002014040020BA
:107CF0001504002016040020170400200010014085
:107D00001804002001E000F0CAF92CB14FF48041C2
:107D10001A4800F0C4F904E04FF48041174800F01D
:107D2000BCF938BD38B5044615480078C8B90120FB
:107D3000134908700121102000F0BAFB4FF40040F5
:107D4000ADF8000010208DF8030003208DF802002C
:107D500069460A4800F0F6F84FF40041074800F081
:107D60009EF92CB14FF40041044800F098F904E06A
:107D70004FF40041014800F090F938BD0010014077
:107D80001904002010B56FF0040000F04DFE2D48DE
:107D900000682D49B0FBF1F02C49087008460078C6
:107DA00000EB4001C1EBC0104FF6FF7101EAC000CB
:107DB0002749088010BD0146244A12784A434FF0F3
:107DC000E0235A6100229A611A46126942F00102C8
:107DD0001A6100BF4FF0E022106910F0010F02D0CD
:107DE00010F4803FF6D04FF0E022126922F0010239
:107DF0004FF0E0231A6100229A6170470146144A4D
:107E000012884A434FF0E0235A6100229A611A46D1
:107E1000126942F001021A6100BF4FF0E0221069BE
:107E200010F0010F02D010F4803FF6D04FF0E022A6
:107E3000126922F001024FF0E0231A6100229A61D8
:107E4000704700000800002000127A001A04002089
:107E50001C04002010B54FF4A06000F095FD10BD8B
:107E60000648804706480047FEE7FEE7FEE7FEE7D4
:107E7000FEE7FEE7FEE7FEE7FEE7FEE78507000810
:107E80003101000810B50446CA48844208D10121D6
:107E9000042000F027FB0021042000F023FB46E033
:107EA000C548844208D10121082000F01BFB0021B5
:107EB000082000F017FB3AE0C048844208D10121B5
:107EC000102000F00FFB0021102000F00BFB2EE033
:107ED000BB48844208D10121202000F003FB00218F
:107EE000202000F0FFFA22E0B648844208D10121A8
:107EF000402000F0F7FA0021402000F0F3FA16E0ED
:107F0000B148844208D10121802000F0EBFA002121
:107F1000802000F0E7FA0AE0AC48844207D1012152
:107F2000801500F0DFFA0021A01500F0DBFA10BD8B
:107F300010B50121084600F0D5FA0021012000F01B
:107F4000D1FA10BD2DE9F04102460025002600209F
:107F500000230024002791F803C00CF00F0591F8CE
:107F600003C01CF0100F03D091F802C04CEA0505C5
:107F700091F800C0BCF1000F31D0146800202BE054
:107F80004FF0010C0CFA00F3B1F800C00CEA030644
:107F90009E4220D183004FF00F0C0CFA03F7BC4334
:107FA00005FA03FC4CEA040491F803C0BCF1280F65
:107FB00006D14FF0010C0CFA00FCC2F814C00AE024
:107FC00091F803C0BCF1480F05D14FF0010C0CFA39
:107FD00000FCC2F810C0401C0828D1D31460B1F8CE
:107FE00000C0BCF1FF0F34DD546800202EE000F12A
:107FF000080C4FF0010808FA0CF3B1F800C00CEAC5
:1080000003069E4221D183004FF00F0C0CFA03F7B8
:10801000BC4305FA03FC4CEA040491F803C0BCF12C
:10802000280F05D100F1080C08FA0CF8C2F81480EA
:1080300091F803C0BCF1480F07D100F1080C4FF0D4
:10804000010808FA0CF8C2F81080401C0828CED3AA
:108050005460BDE8F0814FF6FF710180022181700C
:108060000421C17070470246002093680B4201D082
:10807000012000E0002070470146886880B2704708
:1080800002460020D3680B4201D0012000E000200E
:1080900070470146C86880B270470161704741610E
:1080A00070470AB1016100E041617047C1607047EB
:1080B0004FF480320A438261816182618269826900
:1080C000704702460020424B18684FF680731840F4
:1080D00040EA021008433E4B186070473D49C861B2
:1080E0007047F0B50A46002300240021002500F067
:1080F0000046B6F1004F02D1354EF16901E0344E31
:108100007168C0F3034583B200F44016B6F5401F12
:1081100008D121F070612E4E766826F070662C4FE3
:108120007E6012E000F48016B6F5801F06D10326AB
:1081300006FA05F4A14341F0706106E0460D3601F0
:1081400003FA06F6B14341F0706122B1460D3601E3
:1081500003FA06F6314300F00046B6F1004F02D1B3
:108160001B4EF16101E01A4E7160F0BD30B5002286
:108170008B071C0F0F2303FA04F2154B08338C10E6
:1081800053F824309343124C08348D1044F82530B2
:1081900023468C1053F824308C07240F00FA04F483
:1081A00023430B4C08348D1044F8253030BD0A4968
:1081B0000860704700080140000C014000100140B9
:1081C0000014014000180140001C01400020014043
:1081D0000000014000002042DC002042DD48006831
:1081E00040F00100DB49086008464068DA49084071
:1081F000D849486008460068D8490840D549086011
:108200000846006820F4802008600846406820F492
:10821000FE0048604FF41F0088607047CD49096830
:1082200021F48031CB4A11601146096821F4802184
:108230001160B0F5803F03D0B0F5802F0ED106E07D
:10824000C449096841F48031C24A116007E0C1495C
:10825000096841F4A021BF4A116000E000BF00BFDF
:10826000704710B501460022002300204A11012A60
:1082700002D1B84C236806E0022A02D1B54C236A29
:1082800001E0B44C636A01F01F02012494401C42D7
:1082900001D0012000E0002010BD38B50020009082
:1082A0000024002500BF3120FFF7DBFF05460098C2
:1082B000401C00900098B0F5A06F01D0002DF2D0C6
:1082C0003120FFF7CEFF08B1012400E00024204652
:1082D00038BD014600209F4A106820F0F80040EAAF
:1082E000C100106070479E49086070470246002038
:1082F000984B586820F47C1042EA01031843954BD0
:108300005860704796490866704701460020914AB8
:10831000506820F003000843506070478D48406863
:1083200000F00C007047014600208A4A506820F097
:10833000F00008435060704701460020854A5068AD
:1083400020F4E06008435060704701460020814AF5
:10835000506820F4605040EAC1005060704729B175
:108360007C4A527A02437B4B5A7204E0794A527A31
:108370008243784B5A7270477A49086070470146C9
:108380000020744A506820F4404008435060704711
:108390000021754A11706F4A82F82010012802D01E
:1083A000042808D103E001216F4A117004E005217F
:1083B0006D4A117000E000BF00BF70476B49086054
:1083C00070476449096A0143624A1162704767490C
:1083D00044390860704730B5002100220024002392
:1083E0005C4D6D6805F00C0121B1042905D0082908
:1083F00023D105E05E4D056022E05D4D05601FE084
:10840000544D6D6805F47012524D6D6805F480345A
:10841000022505EB92421CB9564D554305600BE011
:108420004C4D6D6815F4003F03D0524D5543056027
:1084300002E04F4D5543056002E04D4D056000BF21
:1084400000BF444D6D6805F0F00109094A4D6B5CB1
:108450000568DD4045603F4D6D6805F4E061090A3F
:10846000454D6B5C4568DD4085603A4D6D6805F4AF
:108470006051C90A404D6B5C4568DD40C560354DB3
:108480006D6805F44041890B3C4D6B5CC568B5FBDC
:10849000F3F5056130BD29B12E4A526902432D4BD7
:1084A0005A6104E02B4A526982432A4B5A61704751
:1084B00029B1284A92690243264B9A6104E0254A71
:1084C00092698243234B9A61704729B1214AD2694C
:1084D0000243204BDA6104E01E4AD26982431D4BFD
:1084E000DA61704729B11B4AD2680243194BDA603E
:1084F00004E0184AD2688243164BDA60704729B10B
:10850000144A12690243134B1A6104E0114A1269BA
:108510008243104B1A617047144940390860704714
:108520000F49C86470470B49C87170470948406AD1
:1085300040F0807007494862704701460020054AB4
:1085400092680A4201D0012000E0002070470149F2
:1085500088727047001002400000FFF8FFFFF6FE2F
:1085600000004242D80042422010024080044242B1
:1085700000127A0000093D001E0400202E04002095
:1085800010B50446FB48844209D101218803FFF756
:10859000A9FF00214FF48040FFF7A4FF32E0F64826
:1085A000844209D101214804FFF7A9FF00214FF4BB
:1085B0000030FFF7A4FF25E0F048844209D10121F3
:1085C0008804FFF79CFF00214FF48020FFF797FFFE
:1085D00018E0EB48844209D10121C804FFF78FFF5E
:1085E00000214FF40020FFF78AFF0BE0E5488442AA
:1085F00008D101210805FFF782FF00214FF4801008
:10860000FFF77DFF10BD2DE9F04786B005460E4609
:108610000024A24600BFA1460027B08900B100BFD8
:108620002F462C8A4CF6FF700440F08804432C82BD
:10863000AC894EF6F3100440B08831890843718943
:1086400008430443AC81AC8A4FF6FF400440B08934
:108650000443AC8201A8FFF7BEFEC648874202D1A0
:10866000DDF810A001E0DDF80CA0A88910F4004F9F
:1086700008D00AEBCA0000EB0A1031684900B0FBD1
:10868000F1F807E00AEBCA0000EB0A103168890034
:10869000B0FBF1F86420B8FBF0F00401200964217C
:1086A00001FB1089A88910F4004F08D0322000EB9C
:1086B000C900B0FBF1F000F00700044308E03220ED
:1086C00000EB09106421B0FBF1F000F00F0004434F
:1086D0002C8106B0BDE8F0874FF4165101600021EF
:1086E0008180C18001810C214181002181817047FD
:1086F00010B502460020108A4FF2FF0318400B8885
:108700004C8823438C882343CC882343184310820E
:1087100010BD0021018041808180C180704721B15E
:10872000828942F40052828104E082894DF6FF730F
:108730001A4082817047F0B50346002400260025C8
:108740000020A1F510676A3F00D100BF1846C1F3B1
:10875000421401F01F06012707FA06F5012C01D18A
:108760000C3004E0022C01D1103000E014301AB1BA
:1087700007682F43076002E00768AF430760F0BD5A
:108780001AB1838A0B43838202E0838A8B438382FC
:108790007047028A4FF6F0731A400282028A0A4337
:1087A0000282704782894FF2FF731A408281828968
:1087B0000A438281704721B1828942F0020282819C
:1087C00004E082894FF6FD731A4082817047028A65
:1087D0004FF6DF731A400282028A0A430282704710
:1087E00021B1028A42F48042028204E0028A4BF6FE
:1087F000FF731A4002827047C1F3080282807047FB
:1088000001468888C0F308007047818941F0010162
:1088100081817047028BD2B20283028B42EA01222D
:1088200002837047028B02F47F420283028B0A4369
:108830000283704721B1828A42F02002828204E0E2
:10884000828A4FF6DF731A408282704721B1828A92
:1088500042F01002828204E0828A4FF6EF731A40DF
:108860008282704721B1828A42F00802828204E04B
:10887000828A4FF6F7731A408282704721B182894B
:1088800042F40042828103E08289C2F30E028281B7
:10889000704721B1828A42F40062828204E0828AB7
:1088A0004FF2FF731A4082827047828A4FF6FB7341
:1088B0001A408282828A0A438282704721B1828A68
:1088C00042F00202828204E0828A4FF6FD731A406F
:1088D0008282704702460020B1F5007F00D100BFC0
:1088E00013880B4201D0012000E00020704701F402
:1088F0000072B2F5007F00D100BFCA43028070470A
:1089000070B502460024002300250020A1F5106662
:108910006A3E00D100BFC1F3421501F01F030126DA
:1089200006FA03F3012D02D19689334006E0022DA9
:1089300002D1168A334001E0968A33400C12012698
:1089400006FA04F41688344013B10CB1012000E09B
:10895000002070BD10B500220023A1F510646A3C10
:1089600000D100BF0A1201249440A3B2DC4304806A
:1089700010BD0000003801400044004000480040A5
:10898000004C00400050004031490143314A116021
:10899000704770B5002100230F22C4780CB32D4C12
:1089A000246804F4E064C4F5E064210AC1F104031E
:1089B000CA40447804FA03F1847814402143090141
:1089C000254C0678A155047804F01F050124AC401D
:1089D00005786D114FF0E02606EB8505C5F80041DE
:1089E00009E0047804F01F050124AC401B4D067813
:1089F000761145F8264070BD194A0A400243154BCE
:108A00001B1F1A60704739B1124A121D12680243C7
:108A1000104B1B1D1A6006E00E4A121D126882439D
:108A20000C4B1B1D1A607047042808D14FF0E02141
:108A3000096941F004014FF0E022116107E04FF0B5
:108A4000E021096921F004014FF0E0221161704733
:108A50000000FA050CED00E000E400E080E100E039
:108A600080FFFF1F10B50446FA48844208D1012157
:108A70004015FFF737FD00216015FFF733FD17E0C4
:108A8000F548844208D101210015FFF72BFD002194
:108A90002015FFF727FD0BE0F048844208D10121A3
:108AA000C803FFF71FFD00214FF40040FFF71AFD38
:108AB00010BD30B50246002000235068E84C20402D
:108AC0000D790C6844EA0524204350609068E54C19
:108AD0002040D1E902542C434D7944EA4504204317
:108AE0009060D06A20F470000C7C641EE4B22343D2
:108AF00040EA0350D06230BD002101600171417134
:108B00008160C16001210174704721B1826842F027
:108B10000102826003E0826822F0010282607047F5
:108B200021B1826842F48072826003E0826822F49C
:108B300080728260704710B50023CBB21AB14468CE
:108B40001C43446002E044689C43446010BD81685B
:108B500041F0080181607047014600208A6812F0E8
:108B6000080F01D0012000E000207047816841F02B
:108B7000040181607047014600208A6812F0040FEA
:108B800001D0012000E00020704721B1826842F44A
:108B9000A002826003E0826822F4A0028260704733
:108BA000014600208A6812F4800F01D0012000E005
:108BB0000020704710B50A4600210023416821F4C7
:108BC0006041531E41EA4331416010BD21B142680A
:108BD00042F40062426003E0426822F400624260B4
:108BE0007047F0B504460D4600200021092D11DD27
:108BF000E068A5F10A0606EB4607072606FA07F124
:108C00008843A5F10A0606EB460603FA06F1084377
:108C1000E0600CE0206905EB4507072606FA07F13E
:108C2000884305EB450603FA06F108432061072A4D
:108C30000FDA606B561E06EB86071F2606FA07F151
:108C40008843561E06EB860605FA06F10843606364
:108C500022E00D2A0FDA206BD61F06EB86071F26AF
:108C600006FA07F18843D61F06EB860605FA06F1D9
:108C70000843206310E0E06AA2F10D0606EB8607C8
:108C80001F2606FA07F18843A2F10D0606EB8606B9
:108C900005FA06F10843E062F0BD21B1826842F4B2
:108CA0008012826003E0826822F480128260704742
:108CB0000146C86C80B2704766484C300068704707
:108CC00021B1426842F48062426003E0426822F4CB
:108CD00080624260704721B1426842F48052426033
:108CE00003E0426822F48052426070470A46002145
:108CF000816821F4E04111438160704721B18268AD
:108D000042F40042826003E0826822F40042826002
:108D1000704721B1826842F40212826003E08268E7
:108D200022F4021282607047014600208A6812F421
:108D3000001F01D0012000E000207047F0B504467C
:108D40001546002000220026092911DDE068A1F166
:108D50000A0707EB470C072707FA0CF29043A1F12B
:108D60000A0707EB470703FA07F21043E0600CE03D
:108D7000206901EB410C072707FA0CF2904301EB45
:108D8000410703FA07F210432061A06BC0F30156BC
:108D9000EF1C06F1010CA7EB0C0707EB870C1F2754
:108DA00007FA0CF29043EF1C06F1010CA7EB0C073D
:108DB00007EB870701FA07F21043A063F0BD10B577
:108DC0000A4600210023816B21F44011531E41EA21
:108DD0000351816310BD08B5002300930090009BF0
:108DE0000B440093009B1A6008BD08B502460020A2
:108DF0000090009201F12800009B18440090009818
:108E0000006880B208BD0A4600214168164B19402F
:108E10001143416070474162826270470A460021F7
:108E2000416821F01F0111434160704740B1094979
:108E30000831096841F40001064A0832116007E070
:108E400004490831096821F40001024A083211601E
:108E5000704700000024014000280140003C014010
:108E6000FFFEF0FFFDF7F1FFFFFD3FFF0246002090
:108E700013680B4201D0012000E000207047CA4374
:108E80000260704770B502460020002300240B12D8
:108E90005568CEB205EA060415681D4202D00CB131
:108EA000012000E0002070BD00220A12D3430360BD
:108EB0007047000010B50446FE48844208D10121E5
:108EC000C014FFF70FFB0021E014FFF70BFBC4E019
:108ED000B4F1804F08D101210846FFF710FB0021B3
:108EE0000120FFF70CFBB8E0F348844208D10121D0
:108EF0000220FFF704FB00210220FFF700FBACE09B
:108F0000EE48844208D101210420FFF7F8FA00213D
:108F10000420FFF7F4FAA0E0E948844208D10121D7
:108F20000820FFF7ECFA00210820FFF7E8FA94E0A8
:108F3000E448844208D101211020FFF7E0FA002123
:108F40001020FFF7DCFA88E0DF48844208D10121D5
:108F50002020FFF7D4FA00212020FFF7D0FA7CE090
:108F6000DA48844208D101214014FFF7BBFA0021FE
:108F70006014FFF7B7FA70E0D548844209D10121A7
:108F8000C804FFF7AFFA00214FF40020FFF7AAFA58
:108F900063E0D048844209D101210805FFF7A2FA15
:108FA00000214FF48010FFF79DFA56E0CA48844232
:108FB00009D101214805FFF795FA00214FF400106F
:108FC000FFF790FA49E0C548844208D101214020CA
:108FD000FFF795FA00214020FFF791FA3DE0C048E5
:108FE000844208D101218020FFF789FA00218020E6
:108FF000FFF785FA31E0BB48844208D10121801592
:10900000FFF77DFA0021A015FFF779FA25E0B648B1
:10901000844209D101210804FFF764FA00214FF4CA
:109020008030FFF75FFA18E0B048844209D101218F
:109030004804FFF757FA00214FF40030FFF752FAC7
:109040000BE0AB48844208D101218804FFF74AFABB
:1090500000214FF48020FFF745FA10BD002202885E
:10906000944B98420ED0994B98420BD0B0F1804F60
:1090700008D0914B984205D0904B984202D0904B2B
:10908000984204D14FF68F731A404B881A438D4B88
:10909000984207D08C4B984204D04FF6FF431A40B9
:1090A000CB881A4302808B8883850B880385814B8C
:1090B00098420BD0854B984208D08B4B984205D0F4
:1090C0008A4B984202D08A4B984201D10B7A038690
:1090D00001238382704770B5002400220023058C91
:1090E0004FF6FE7635400584028C8388048B4FF65C
:1090F0008F752C40B51E2C400D882C43751E2A40C0
:109100000D892A434D882A436A4DA8420BD06F4DE2
:10911000A84208D0744DA84205D0744DA84202D090
:10912000734DA84213D14FF6F7752A404D892A4353
:109130004FF6FB752A408D882A434FF6FF652B407A
:109140004FF6FF552B408D892B43CD892B438380D0
:109150000483CD888586028470BD70B5002400220A
:109160000023058C4FF6EF7635400584028C83880A
:10917000048B48F6FF752C404FF6FF452C400D88B8
:109180004FF6FF7606EA05252C434FF6DF752A4099
:109190000D8906EA05152A434D8806EA05152A4376
:1091A000444DA84202D0494DA8421DD14FF67F75CB
:1091B0002A404D894FF6FF7606EA05152A434FF6F9
:1091C000BF752A408D8806EA05152A434FF6FF35FC
:1091D0002B404FF2FF752B408D8906EA85052B4306
:1091E000CD8906EA85052B4383800483CD880587D6
:1091F000028470BD70B5002400220023058C4FF658
:10920000FF6635400584028C8388848B4FF68F750A
:109210002C404FF6FC752C400D882C434FF6FF5523
:109220002A400D894FF6FF7606EA05252A434D8828
:1092300006EA05252A431F4DA84202D0234DA84225
:109240001DD14FF2FF752A404D894FF6FF7606EA91
:1092500005252A434FF6FF352A408D8806EA052565
:109260002A434EF6FF752B404DF6FF752B408D8936
:1092700006EA05152B43CD8906EA05152B438380A5
:109280008483CD888587028470BD70B50022002359
:109290000024058C4EF6FF7635400584038C8488C7
:1092A000828B48F6FF752A404FF6FF452A400D880D
:1092B00020E00000002C01400004004000080040B5
:1092C000000C004000100040001400400034014039
:1092D000004C014000500140005401400018004083
:1092E000001C0040002000400040014000440140BC
:1092F000004801404FF6FF7606EA05252A434DF661
:10930000FF752B400D8906EA05352B434D8806EA8B
:1093100005352B43FA4DA84202D0FA4DA84208D198
:109320004BF6FF752C408D894FF6FF7606EA8515C2
:109330002C4384808283CD88A0F84050038470BD84
:10934000828B4FF2FF331A408283828B4FF6FF737A
:1093500003EA01231A4382837047F0B50C46154691
:10936000002200210026078C4EF6FF7C07EA0C073E
:109370000784828B018C4FF6FF7707EA043640F6AC
:10938000FF473A404FF6FF7707EA05273A434FF683
:10939000FF7707EA03373A43D94FB8420ED0D94F87
:1093A000B8420BD0B0F1804F08D0D74FB84205D0AB
:1093B000D64FB84202D0D64FB84206D14DF6FF770D
:1093C000394046F48057394305E047F6FF573940A6
:1093D00044F48057394382830184F0BD828B4FF679
:1093E000F3731A408283828B0A4382837047F0B5FD
:1093F0000C461546002200210026078C4FF6FF6C14
:1094000007EA0C070784828B018C4FF6FF7707EA87
:1094100004264FF60C773A404FF6FF7707EA03171A
:109420002F433A43B64FB8420ED0B64FB8420BD096
:10943000B0F1804F08D0B44FB84205D0B34FB84216
:1094400002D0B34FB84206D14FF6FF57394046F429
:109450008077394305E04FF2FF57394044F4807775
:10946000394382830184F0BD028B4FF2FF331A40EF
:109470000283028B4FF6FF7303EA01231A43028330
:109480007047F0B50C461546002200210026078CD7
:109490004FF6EF7C07EA0C070784028B018C4FF62E
:1094A000FF7707EA041640F6FF473A404FF6FF778A
:1094B00007EA03373A434FF6FF7707EA05273A43AF
:1094C0008F4FB8420ED08F4FB8420BD0B0F1804FC3
:1094D00008D08D4FB84205D08C4FB84202D08C4F87
:1094E000B84206D14FF6DF77394046F010073943CE
:1094F00005E04FF65F77394044F0100739430283A7
:109500000184F0BD028B4FF6F3731A400283028B85
:109510000A4302837047F0B50C461546002200212D
:10952000068C4FF6FE773E400684028B018C4FF688
:109530000C7632407E1C06EA03162E433243704EF0
:10954000B0420ED06F4EB0420BD0B0F1804F08D079
:109550006D4EB04205D06D4EB04202D06C4EB0425E
:1095600006D14FF6FD76314044F00106314305E067
:109570004FF6F576314044F0010631430283018411
:10958000F0BD70B505460C465D4885420ED05D487D
:1095900085420BD0B5F1804F08D05B48854205D09D
:1095A0005A48854202D05A48854200D100E000BFA7
:1095B000208850B92389A28861882846FFF7ABFF2D
:1095C000E1882846FFF79EFF25E0208804280AD17D
:1095D0002389A28861882846FFF753FFE18828463F
:1095E000FFF742FF17E0208808280AD12389A288C4
:1095F00061882846FFF7FBFEE1882846FFF7EEFE6C
:1096000009E02389A28861882846FFF7A6FEE18841
:109610002846FFF795FE70BD2DE9F04105460C4642
:1096200000260127608808B9022600E00026A088ED
:10963000012801D1022700E001272088A0B9238951
:10964000A28861882846FFF766FFE1882846FFF771
:1096500059FF23893A4631462846FFF712FFE18831
:109660002846FFF701FF13E02389A2886188284676
:10967000FFF707FFE1882846FFF7F6FE23893A4601
:1096800031462846FFF747FFE1882846FFF73AFFB3
:10969000BDE8F0810A884B881A438B881A43CB882F
:1096A0001A430B891A434B891A438B891A43A0F832
:1096B000442070474FF6FF71818000210180C180F6
:1096C0004180017270470021018041808180C1800A
:1096D000018141818181C1817047002101804180E8
:1096E000012181800021C18001817047002101801A
:1096F00041808180C180018141818181704700006A
:10970000002C0140003401400004004000080040EB
:10971000000C004021B1028842F00102028004E006
:1097200002884FF6FE731A400280704731B1B0F8DC
:10973000442042F40042A0F8442005E0B0F8442060
:10974000C2F30E02A0F8442070471AB183890B437C
:10975000838102E083898B438381704781827047D4
:1097600041EA0203A0F8483070471AB183890B43DD
:10977000838102E083898B438381704701894FF69F
:10978000F8721140018170470A46002101894FF6A5
:109790008F73194011430181704730B504460D465F
:1097A00029462046FFF7F0FF208940F0070020817E
:1097B00030BD2DE9F04104460D4616461F46602D8A
:1097C00006D13B46012231462046FFF75AFE05E00E
:1097D0003B46012231462046FFF79DFE29462046A2
:1097E000FFF7D2FF208940F007002081BDE8F0811B
:1097F00030B50C4600210189C9B24FF6FF7505EA64
:109800000325154325432943018130BD2DE9F0414E
:1098100005460E4617469846002443463A463146CA
:109820002846FFF7E5FF2C894FF6F870044044F016
:1098300007044FF68F70044044F070042C81BDE89B
:10984000F081F0B504460D4616461F463B463246AB
:1098500029462046FFF7CCFF208940F48040208134
:10986000F0BD0185828270470A46002101884FF6CB
:109870008F731940114301807047F0B50C461546AF
:109880001E460021002200230189028B038C4FF623
:10989000F877394021434FF6FC473A4040F2011730
:1098A0003A434FF6DD773B404FF6FF7707EA06175E
:1098B0002F433B43018102830384F0BD0A4600210C
:1098C000018B4FF68F7319401143018370470A468D
:1098D0000021018B48F6FF7319404FF6FF7303EA2E
:1098E00002231943018370470A460021818B4FF6FA
:1098F0008F7319401143818370470A460021818B81
:1099000048F6FF7319404FF6FF7303EA0223194329
:109910008183704721B1028842F08002028004E016
:1099200002884FF67F731A400280704721B1828807
:1099300042F00402828004E082884FF6FB731A40F2
:109940008280704721B1828842F00802828004E060
:1099500082884FF6F7731A408280704721B182885F
:1099600042F00102828004E082884FF6FE731A40C2
:10997000828070470A460021018B4FF6F773194029
:109980001143018370470A460021018B4FF2FF7398
:1099900019404FF6FF7303EA02231943018370470E
:1099A0000A460021818B4FF6F773194011438183DA
:1099B00070470A460021818B4FF2FF7319404FF622
:1099C000FF7303EA02231943818370470A4600218B
:1099D000018B4FF6FB7319401143018370470A4610
:1099E0000021018B4FF6FF3319404FF6FF7303EA56
:1099F00002231943018370470A460021818B4FF6E9
:109A0000FB7319401143818370470A460021818B03
:109A10004FF6FF3319404FF6FF7303EA0223194351
:109A2000818370470A460021018B4FF67F731940EE
:109A30001143018370470A460021018BC1F30E01D7
:109A40004FF6FF7303EA02231943018370470A4666
:109A50000021818B4FF67F7319401143818370473A
:109A60000A460021818BC1F30E014FF6FF7303EA12
:109A700002231943818370470A460021018C4FF667
:109A8000FD7319401143018470470A460021018C7F
:109A90004FF6F77319401143018470470A460021BD
:109AA000018C4FF6DF7319404FF6FF7303EA021380
:109AB0001943018470470A460021018C4FF67F73D9
:109AC00019404FF6FF7303EA0213194301847047EC
:109AD0000A460021018C4FF6FF5319404FF6FF73E1
:109AE00003EA02231943018470470A460021018CCE
:109AF0004FF2FF7319404FF6FF7303EA0223194335
:109B0000018470470A460021018C4DF6FF7319400D
:109B10004FF6FF7303EA023319430184704730B5EF
:109B2000002301248C40A3B2048C9C430484048C45
:109B300002FA01F5ADB22C43048430BD30B50023E8
:109B400004248C40A3B2048C9C430484048C02FA49
:109B500001F5ADB22C43048430BD70B5034600203E
:109B600000241846183001258D40ACB21D8CA54349
:109B70001D8409B1082909D100EB6100056825F0B1
:109B8000700505600568154305600EE00D1FC5F3FF
:109B90004E052844056825F4E045056005684FF644
:109BA000FF7606EA02263543056070BD21B10288C2
:109BB00042F00202028004E002884FF6FD731A4070
:109BC0000280704721B1028842F00402028004E062
:109BD00002884FF6FB731A400280704721B18288D9
:109BE00042F08002828004E082884FF67F731A4040
:109BF0008280704702884FF6F7731A40028002880D
:109C00000A430280704782884FF68F731A40828021
:109C100082880A438280704702894FF6F8731A409F
:109C2000028102890A430281704702894FF67F73DD
:109C30001A40028102890A43028170478184704779
:109C4000818570478186704701877047818770479B
:109C5000A0F84010704702884FF6FF431A40028078
:109C600002880A43028070470146888E7047014689
:109C7000088F70470146888F70470146B1F8400051
:109C800070470146888C70470146088D7047024630
:109C90000020138A0B4201D0012000E00020704711
:109CA000CA430282704730B50246002000230024D8
:109CB000158A05EA0103958905EA010413B10CB17F
:109CC000012000E0002030BDCA430282704700003E
:109CD000002044490860091D0860091D0860091D2D
:109CE000086041483F4914310860704700213D49F0
:109CF0008279002A3AD00A46126803689A430B46D2
:109D00001A600A1D126803689A430B1D1A600279D3
:109D100011440A6803681A430A60324A083212681A
:109D200003689A432F4B08331A601A1D12680368A0
:109D30009A432C4B0C331A604279102A0ED11A1F09
:109D4000126803681A43274B08331A601A1D1268F9
:109D500003681A43234B0C331A600DE02149427902
:109D600011440A6803681A430A6005E00279114445
:109D70000A6803689A430A60704700210160017114
:109D80000C21417100218171704716491031096819
:109D90000143144A10321160704701460020114AF5
:109DA000143212680A4201D0012000E000207047FE
:109DB0000C49143108607047014600200022094B0D
:109DC0001B6803EA0102074B14331B680B4202D0E5
:109DD0000AB1012000E000207047024914310860F8
:109DE0007047000000040140FFFF0F002DE9F04123
:109DF00004460D4616460320B6FBF0F7F21BE919A0
:109E0000204600F095FAA561E7610020206284F801
:109E10002400BDE8F0812DE9F0410446A569A06960
:109E2000471C1FE028782C2802D028787D2818D1DC
:109E30003E4610E030783A280DD1761C387822283A
:109E400000D17F1C3078222800D1761C314638465C
:109E50006269904703E03046761CA842EAD300BF0F
:109E60006F1C6D1C216AA0690844A842DAD8BDE8BD
:109E7000F08138B504460D4639E09DF800007B2896
:109E80000CD1012084F82400002020629DF80010ED
:109E9000226A501C2062A069815428E09DF80000CD
:109EA0007D2814D194F8240070B19DF80010226A26
:109EB000501C2062A0698154216AA069A847002033
:109EC000206284F8240011E0002020620EE094F863
:109ED000240058B1D4E90701801E814206D29DF8C2
:109EE0000010226A501C2062A069815400BF69469C
:109EF000204600F04BFA0028BFD038BD2DE9F041D4
:109F000004468846A569A069471CC4F814801FE070
:109F100028782C2802D028787D2818D13E4610E0D9
:109F200030783A280DD1761C3878222800D17F1C51
:109F30003078222800D1761C314638466269904735
:109F400003E03046761CA842EAD300BF6F1C6D1CAC
:109F5000216AA0690844A842DAD8BDE8F08138B582
:109F600004460D46656139E09DF800007B280CD160
:109F7000012084F82400002020629DF80010226A4D
:109F8000501C2062A069815428E09DF800007D28C3
:109F900014D194F8240070B19DF80010226A501C6E
:109FA0002062A06981542046FFF735FF002020621F
:109FB00084F8240011E0002020620EE094F82400D0
:109FC00058B1D4E90701801E814206D29DF80010E5
:109FD000226A501C2062A069815400BF6946204655
:109FE00000F0D4F90028BFD038BD2DE9F041074674
:109FF0000D461646002404E0295D384600F0A8F915
:10A00000641CB442F8D3BDE8F08170B504460A463A
:10A0100025460021002300E05B1CD05C0028FBD11A
:10A02000002106E0685C565CB04201D0002070BDA3
:10A03000491C9942F6DB0120F9E70146002006E0C1
:10A0400000EB800250000A78303A1044491C0A782C
:10A05000302A02DB0A78392AF2DD704701460020F7
:10A0600000E0401C0A5C7D2A08D00A5C2C2A05D03E
:10A070000A5C222A02D00A5C3A2AF2D170470160B7
:10A0800042607047002181607B2102681170816805
:10A09000491C81607047D0E901329A4204D283683A
:10A0A0005A1C82600268D15470472DE9F043804603
:10A0B0000E4614460025002722214046FFF7EBFFFD
:10A0C00004E031784046FFF7E6FF761C3078002840
:10A0D000F7D122214046FFF7DEFF3A214046FFF745
:10A0E000DAFF22214046FFF7D6FF002C04DA644253
:10A0F0002D214046FFF7CFFF2746012505E005EB60
:10A10000850045000A2097FBF0F70A2FF7DA0FE0E9
:10A1100094FBF5F0303000F0FF0949464046FFF768
:10A12000BAFF94FBF5F005FB10440A2095FBF0F50F
:10A13000002DEDDC22214046FFF7ADFF2C214046EB
:10A14000FFF7A9FFBDE8F08370B506460C4615463B
:10A1500022213046FFF79FFF04E021783046FFF7C9
:10A160009AFF641C20780028F7D122213046FFF79F
:10A1700092FF3A213046FFF78EFF22213046FFF74B
:10A180008AFF04E029783046FFF785FF6D1C2878A8
:10A190000028F7D122213046FFF77DFF2C213046E1
:10A1A000FFF779FF70BD70B504460D46A068401EEC
:10A1B0002168085C2C2807D17D21A068401E2268F8
:10A1C0001154A1682068A84770BD2DE9F05F804652
:10A1D0000D4691460021404600F0E6FB02D82B20B8
:10A1E000287003E02D20287088F00048404600F0D9
:10A1F0005BFB0646002403E00A2096FBF0F6641C95
:10A20000002EF9D1404600F04FFB064627460AE0F3
:10A210000A2096FBF0F100FB11603030E8550A206F
:10A2200096FBF0F67F1E002FF2DC2E21601C2954D5
:10A23000404600F039FB834600F00AFB8246414667
:10A2400000F0ACF98046A41C15E03349404600F00C
:10A25000A8F98046404600F027FB3030285540469C
:10A2600000F022FB834600F0F3FA8246414600F0FC
:10A2700095F98046641CA9F10100A042E5DC0021AB
:10A280002954BDE8F09F70B505460E4614460822D5
:10A2900022492046FFF799FF0021204600F07AFB73
:10A2A00005D21E4A31462846FFF74EFF05E01B4AFD
:10A2B000521C31462846FFF747FF70BD1849086019
:10A2C000704730B504460D462A46214614480068BA
:10A2D000FFF7EBFE30BD30B504460D462A46214659
:10A2E0000F480068FFF730FF30BD00B500220DA118
:10A2F0000B480068FFF7D9FE00BD10B504460B48B7
:10A300000068401C09490860084621460268044864
:10A310000068FFF7CAFE10BD000020413404002091
:10A32000400400205F5F74696D6500003C040020FC
:10A33000034613B109B1022A02DA4FF0FF30704729
:10A340009960596019600020D8601A6100BFF6E773
:10A350000246906810B94FF0FF307047D06813691B
:10A36000984202DB4FF0FF30F7E7D068401CD06026
:10A370009068431C936001701369106818449368D7
:10A38000984201D8106890600020E6E70246906885
:10A3900010B94FF0FF307047D068002802DC4FF052
:10A3A000FF30F8E7D068401ED0605068431C53600F
:10A3B00003780B701369106818445368984201D8E9
:10A3C000106850600020E6E710B58160274C2468D3
:10A3D000144404600024C4600BB1426001E0002416
:10A3E000446010BD01462248026805E08A4202D15D
:10A3F0004FF0FF307047D268002AF7D11C48006840
:10A40000C8601B4801600020F4E70246184808E0D5
:10A410000168914202D1CB68036001E001F10C00B8
:10A4200000BF01680029F3D1704710B510480468D7
:10A4300013E00E4920680968401A00280CDC6068A7
:10A4400018B92046FFF7E1FF04E008496068096891
:10A4500008442060A0688047E468002CE9D110BD62
:10A4600002480068401C0149086070474804002009
:10A470004404002040EA01039B0703D009E008C917
:10A48000121F08C0042AFAD203E011F8013B00F8B9
:10A49000013B521EF9D27047D2B201E000F8012B05
:10A4A000491EFBD270470022F6E710B513460A4654
:10A4B00004461946FFF7F0FF204610BD30B50546AB
:10A4C0002A460B4612F8010B13F8014B08B1A042C3
:10A4D000F8D01CB1002802D06D1CF1E7284630BD31
:10A4E000034611F8012B00F8012B002AF9D1184678
:10A4F0007047F0B480EA0102D40F4200B2EB410F82
:10A5000002D20246084611464A0042D0C30DDDB2CF
:10A51000C1F3C752AD1A202D35DAC1F3160141F44B
:10A52000000204B15242C5F1200602FA06F12A41A6
:10A530001044B3EBD05F23D0C4B1012DA0EBC350C6
:10A5400009DCF0BC4FF0004202EAC35200F5000003
:10A55000DBB200F093BA400000F1807000EBC35012
:10A56000A0F1807040EAD170490009E0490841EA51
:10A57000C071A0EBC35000F50000400800EBC350D1
:10A58000F0BC00F072BA6142012202EB4101001BF3
:10A59000F6E7F0BC704781F00041AAE780F0004088
:10A5A000A7E780EA010210B502F00043400026D080
:10A5B0004A0023D04FEA106101EB1261C0F356004C
:10A5C000C2F3560240F4000042F40002A0FB022055
:10A5D000A1F17F014FEA0040140401D000F1010015
:10A5E00050EA124001D44000491EC2B20C0604EBEE
:10A5F000D010401C4008802A02D003E0002010BD8B
:10A6000020F00100002900DA0020184310BD30B40A
:10A6100080EA010202F0004530F0004221F00040E3
:10A6200015D0A0B1C0F3C753C2F3C754C2F316018B
:10A63000C0F31600E41A41F4000140F400027D3436
:10A64000914201D3641C00E04900002C02DA30BCC6
:10A65000002070474FF400000023914201D3891A73
:10A66000034340084FEA4101F7D151B1914202D171
:10A670004FF0004105E002D24FF0010101E06FF020
:10A68000010103EBC450284430BC00F0EEB92DE9C1
:10A69000FE4F81EA030404F0004421F000410094DD
:10A6A0004FF0000B23F0004350EA010402D052EABD
:10A6B000030404D10020014603B0BDE8F08FC3F3CA
:10A6C0000A54C1F30A552C44A4F2F3340194A0FBBC
:10A6D0000254C1F3130141F48011C3F3130343F493
:10A6E000801301FB024400FB034E840A970A44EAEC
:10A6F000815447EA8357A4FB076802958D0A05FB3E
:10A7000007854FEA932C04FB0C542705029D4FEA62
:10A71000065847EA1637B5EB08056EEB070C870EAF
:10A72000920E47EA811742EA8312A7FB0201B6EBB9
:10A730000B0164EB00042B0D43EA0C335E1844EB71
:10A740001C50DA465146E7FB0201C5F313044FEAF9
:10A750000B3343EA14534FEA0432019C43EA0603E5
:10A76000A4F10C040294009CCDE900B400F0C0F9FF
:10A77000A2E72DE9F04D81EA030404F0004B21F03B
:10A78000004514464FF0000A23F0004150EA05024C
:10A7900020D054EA01021DD0C5F30A570246C5F382
:10A7A0001303C1F31300C1F30A5640F4801543F4B8
:10A7B0008013A7EB0608101BD64608F2FD3873EB92
:10A7C000050002D308F1010801E092185B41B8F1DD
:10A7D000000F03DA00200146BDE8F08D00204FF4A1
:10A7E0008011064684460EE0171B73EB050705D360
:10A7F000121B63EB050306434CEA010C49084FEAC0
:10A80000300092185B4150EA0107EDD152EA030093
:10A8100012D082EA040083EA0501084303D1002232
:10A820004FF0004308E0101BAB4102D2012200238D
:10A8300002E06FF0010253101AEB06004CEB0851D6
:10A8400010EB0A0041EB0B01BDE8F04D00F043B9FD
:10A85000C10F80EAE0700844CA079623002100F087
:10A860000DB996230022114600F008B90EB5C10FAC
:10A8700080EAE0700844CA07002140F233438DE8C3
:10A880000E000A460B4600F033F903B000BD0EB5CA
:10A8900040F2334102910021CDE900110A460B46F6
:10A8A00000F026F903B000BD00F0004220F00040A7
:10A8B000C10DC0F3160040F400007F2901DA00202A
:10A8C0007047962903DCC1F19601C84001E0963932
:10A8D0008840002AF4D04042704720F00040C10D6B
:10A8E000C0F3160040F400007F2901DA0020704711
:10A8F000962903DCC1F19601C8407047963988401B
:10A900007047C1F30A5210B5C1F3130140F2FF338F
:10A9100041F480119A4201DA002010BD40F2334325
:10A920009A42A2F2334203DC524200F08EF810BD8C
:10A93000904010BD00F0004230F000400AD0C10D40
:10A9400001F56071C0F3160042EA0151C2084007E8
:10A950001143704700200146704701F0004330B4B6
:10A9600021F0004150EA010206D00A0DA2F5607202
:10A97000C1F31301002A02DC30BC00207047440FF1
:10A9800044EAC104C100E01830BC00EBC25000F042
:10A990006CB80000002801DBC0F10040002901DB99
:10A9A000C1F1004181427047002801DBC0F1004045
:10A9B000002901DBC1F100418842704730B50B46E8
:10A9C000014600202022012409E021FA02F59D42DF
:10A9D00005D303FA02F5491B04FA02F52844151EB3
:10A9E000A2F10102F1DC30BD2DE9F05F0546002047
:10A9F00092469B4688460646814640241BE02846F0
:10AA000041464746224600F020F853465A46C01AAF
:10AA1000914110D311461846224600F0A1F92D1A93
:10AA200067EB01084F4622460120002100F098F90B
:10AA300017EB00094E41201EA4F10104DFDC48465B
:10AA400031462A464346BDE8F09F202A04DB203ADF
:10AA500021FA02F00021704721FA02F3D040C2F13E
:10AA6000200291400843194670470029A8BF70474B
:10AA7000401C490008BF20F00100704710B4B0FA34
:10AA800080FC00FA0CF050EA010404BF10BC7047CF
:10AA900049B1CCF1200421FA04F411FA0CF118BFE9
:10AAA000012121430843A3EB0C01CB1D0106000A41
:10AAB000002BBEBF002010BC704700EBC3501044F9
:10AAC0000029A4BF10BC7047401C490008BF20F0FB
:10AAD000010010BC704710B5002B08DA401C41F192
:10AAE000000192185B411A4301D120F0010010BD12
:10AAF0002DE9F04D92469B4611B1B1FA81F202E088
:10AB0000B0FA80F22032904600F02AF904460F464F
:10AB100040EA0A0041EA0B0153465A46084303D172
:10AB200020463946BDE8F08D114653EA010015D0A4
:10AB3000C8F140025046FFF788FF05460E465046D2
:10AB40005946424600F00CF9084301D0012000E0CC
:10AB50000020054346EAE0762C4337430A984FEA43
:10AB60004453A0EB08004FEAD4240A304FF000020F
:10AB700044EA47544FEAD72502D500200146D1E7E1
:10AB8000010510196941DDE9084500196941BDE871
:10AB9000F04DA0E72DE9FE4F804681EA0300C00F8B
:10ABA0000C46009021F0004123F00045B8EB020074
:10ABB000A94105D24046214690461C460B46024616
:10ABC00023F00040104304D14046214603B0BDE8C5
:10ABD000F08F270DC7F30A00C3F30A510290401A01
:10ABE0000190402866DAC3F3130040F4801B0098FC
:10ABF000924620B10023D2EB030A63EB0B0B0198C2
:10AC00005946C0F14002504600F0AAF806460D46EB
:10AC100050465946019A00F0B2F810EB0800614125
:10AC2000002487EA115284EAE7731A433BD0009A62
:10AC30003AB3019A012A4FEA075210DC001B61EB7C
:10AC400002014FF0004202EA0752CDE90042001C27
:10AC500041F5801132462B46FFF74AFFB6E7001B4D
:10AC600061EB0201001C41F5801300185B412018C4
:10AC7000A2F5001747EB030140EAD570B6196D4104
:10AC800011E06D084FEA360645EAC0754FEA0752F3
:10AC9000001B61EB0201001C41F5801149084FEADD
:10ACA00030000019514132462B4603B0BDE8F04F49
:10ACB000FFF711BF0098012240000023D0EB0202F1
:10ACC00063EBE073009821464FEAE074B8EB0000B4
:10ACD00061EB0401E9E783F000435BE781F00041A9
:10ACE00058E7C1F30A52C1F3130140F2FF3341F4B4
:10ACF00080119A4202DA00200146704740F2334345
:10AD00009A42A2F2334202DC5242FFF79EBE00F0AA
:10AD100027B8000030B5002904DB4FF00044404262
:10AD200064EB0101002B04DB4FF00044524264EB62
:10AD30000303994208BF904230BD0000064C074D06
:10AD400006E0E06840F0010394E8070098471034FB
:10AD5000AC42F6D3F5F7F0F928C2000848C2000863
:10AD6000202A04DB203A00FA02F1002070479140CB
:10AD7000C2F1200320FA03F3194390407047202AC0
:10AD800006DBCB17203A41FA02F043EAE07306E013
:10AD900041FA02F3D040C2F1200291400843194623
:10ADA000704770B501EB020410F8015B15F0070362
:10ADB00001D110F8013B2A1106D110F8012B03E054
:10ADC00010F8016B01F8016B5B1EF9D12B0705D45C
:10ADD0000023521E0FD401F8013BFAE710F8013BA3
:10ADE00002F10202A1EB030303E013F8015B01F897
:10ADF000015B521EF9D5A142D6D3002070BD0000E0
:10AE00000FB4084B10B504A902AA039800F0CAF8C1
:10AE1000044602A9002000F068FC204610BC5DF842
:10AE200014FB0000EBB6000802E008C8121F08C1BE
:10AE3000002AFAD170477047002001E001C1121FBB
:10AE4000002AFBD1704700002DE9FF5FDDE90220F9
:10AE5000010DDDF838B0024310D10F9801244CA247
:10AE6000012808D0002100980F9BC0E90021C0E90B
:10AE70000243BDE8FF9F6FEA0B01F4E7A1F2FF3147
:10AE800044F6105041430D140F9801280ED0A5EB45
:10AE90000B00401C4FF000043E4EDFF8FC90B0F178
:10AEA000000AA04605DACAF1000717E0CBF100005E
:10AEB000F0E7074612E0F80707D02246334640463F
:10AEC0004946FFF7E4FB8046894622463346104652
:10AED0001946FFF7DCFB04460E467F10002FEAD12F
:10AEE000DDE90201BAF1000F42464B4602DAFFF7F4
:10AEF000CEFB01E0FFF73DFC04460E460022274B47
:10AF0000FFF708FF03D84FF0FF30014607E00022AB
:10AF1000234B20463146FFF73DFEFFF7E2FE1024AB
:10AF200009E0002C0ADB0A220023FFF75DFD019BEC
:10AF300030321A55641E50EA0102F2D1641C019AA3
:10AF4000C4F1110314440F9A012A09D001220843C5
:10AF500001D15B450FDD4FF0000205F101050DE069
:10AF6000084303D1A3EB0B056D1E09E000204FF051
:10AF7000110B0F9088E701DA00226D1E002A83D0A2
:10AF800000980F99C0E90231C0E9004571E700005F
:10AF900030000000000024400000F03F0000F043BB
:10AFA0000000E03F2DE9FF4F95B09B4689460646DD
:10AFB000002512E2252878D10024761CF94A27467C
:10AFC000012105943378203B01FA03F0104202D0AE
:10AFD0000443761CF6E730782A2811D06FF02F034F
:10AFE0003078A0F13002092A16D8059A44F00204FC
:10AFF00002EB820203EB42021044761C0590EFE75D
:10B0000059F8042B0592002A03DA504244F4005404
:10B01000059044F00204761C30782E2816D116F8DC
:10B02000010F44F004042A280DD06FF02F0230786D
:10B03000A0F13003092B09D807EB870302EB430388
:10B04000C718761CF3E759F8047B761C30786C2817
:10B050000FD006DC4C2817D068280DD06A2814D1F0
:10B0600004E0742810D07A280FD10DE044F40014C5
:10B070000AE044F4801401E044F4401472788242FF
:10B0800002D1761C04F58014761C307866280BD02B
:10B0900013DC582877D009DC002875D04528F6D075
:10B0A0004628F4D047281AD19FE118E0632835D00C
:10B0B000642879D0652812D197E1702873D008DC14
:10B0C0006728F1D069286FD06E280DD06F2806D17F
:10B0D000B5E073282CD0752875D0782874D05A46DE
:10B0E000179990476D1C76E1C4F30250022809D0ED
:10B0F00003280DD0D9F8001004280DD00D6009F1F7
:10B10000040968E1D9F80010EA17C1E90052F6E72E
:10B11000D9F800100D80F2E70D70F0E719F8041B64
:10B120008DF8001000208DF80100EA46012003E0B0
:10B1300059F804AB4FF0FF3061074FF0000102D423
:10B140000DE008F101018846B9420FDA8045F8DBCD
:10B150001AF808100029F4D108E008F10101884626
:10B160008142FADB1AF808100029F6D105985B46EF
:10B17000A0EB080721463846179A00F09EFA2844AB
:10B1800000EB080507E04DE02BE10DE01AF8010B9C
:10B190005A4617999047B8F10108F7D25B46214605
:10B1A0003846179A14E142E00A220092C4F3025290
:10B1B0004FF0000A022A08D059F804CB032A4FEABC
:10B1C000EC710AD00DE029E02AE009F1070121F035
:10B1D0000702F2E802C1914609E00FFA8CFC4FEA3F
:10B1E000EC71042A03D14FFA8CFC4FEAEC71002970
:10B1F00007DA0A460021DCF1000C61EB02012D2286
:10B2000002E0220504D52B228DF80420012203E060
:10B21000E20701D02022F7E7904653E00A2102E03E
:10B2200010220DE010214FF0000A00910BE01022D7
:10B230004FF0000A44F004040827009203E00822BB
:10B240004FF0000A0092C4F30252022A05D059F8C6
:10B2500004CB0021032A08D009E009F1070121F0FD
:10B260000702F2E802C1914605E01FFA8CFC042AAD
:10B2700001D10CF0FF0C4FF00008220722D57028F6
:10B2800027D0009B83F0100353EA0A0309D15CEA3C
:10B29000010206D030228DF804208DF8050002222C
:10B2A0009046009B83F0080353EA0A030AD15CEA44
:10B2B000010201D1620705D530228DF804204FF03C
:10B2C00001087F1E582809D037A003900EA80290CD
:10B2D00013E040228DF804200122E1E737A0F4E7D3
:10B2E00053466046009AFFF77FFB84460398825CD2
:10B2F0000298A0F10100029002705CEA0100EFD117
:10B30000029806A9A1EB000000F1200A600702D50F
:10B3100024F4803400E00127574502DDA7EB0A0042
:10B3200000E0002000EB0A01009005984144A0EBEA
:10B3300001000590E00306D45B462146179A059864
:10B3400000F0BBF90544002706E001A85A46C05D9D
:10B35000179990476D1C7F1C4745F6DBE0030CD521
:10B360005B462146179A059800F0A7F9054404E0CA
:10B3700030205A46179990476D1C0099481E00903E
:10B380000029F5DC08E0029802995A460078491C29
:10B390000291179990476D1CBAF10001AAF1010AB8
:10B3A000F1DC6BE1092801003031323334353637B6
:10B3B0003839616263646566000000003031323301
:10B3C00034353637383941424344454600000000A1
:10B3D00000F060F9054406F10106307800287FF49A
:10B3E000E9AD19B02846BDE8F08F620700D4062702
:10B3F00009F1070222F0070CFCE80223E14603F002
:10B4000000485FEA080C02D00FF27C2C0DE05FEAE6
:10B41000045C02D50FF2742C07E05FEAC47C02D012
:10B420000FF26C2C01E0AFF2700C4FF0FF3823F0FC
:10B430000043CDF850C065280CD006DC452809D063
:10B4400046281DD047283ED13EE0662818D0672800
:10B4500039D139E00021112F01DB112000E0781CE7
:10B46000CDE9000106A90EA8FFF7EEFCDDE90F010A
:10B470000E9A03910021009207F1010A04914EE017
:10B480004FF000400097CDE9011006A90EA8FFF784
:10B49000DBFCDDE90F0203920E9B11990022DDF81F
:10B4A0000CA00093049219B907F1010100EB010A05
:10B4B000B7EB0A0004D4C0F1FF3007F1010A049091
:10B4C000AAEB0700019046E0012F00DA01270021D6
:10B4D000112F01DD112000E03846CDE9000106A959
:10B4E0000EA8FFF7B1FCDDE90F010E9A03910021D0
:10B4F00004910092BA4621070CD40399514500DA11
:10B500008A46BAF1010F05DD009AAAF10101515CEA
:10B51000302908D0B84202DA10F1040F06DA01210E
:10B52000CDE9011017E0AAF10101E9E7002805DCE7
:10B53000049901440491AAEB000102E0411C514529
:10B5400000DD8A460499A0EB010000F101000190A2
:10B550004FF000400290200704D40198504501DBD1
:10B56000CDF8048000208DF84F0002980DF14F07B0
:10B57000B0F1004F25D02B200E9002984FF002081A
:10B5800000280CDA404202902D200E9007E00A219C
:10B590000298FFF713FA3031029007F8011DB8F155
:10B5A0000001A8F10108F2DC02980028EFD1791E11
:10B5B0000E980870307800F0200040F0450007F841
:10B5C000020D12A8A0EB070000F1070814980078FC
:10B5D00000B1012000EB0A01019801EBE071059830
:10B5E0004144A0EB0100A0F101000590E00306D466
:10B5F0005B462146179A059800F05FF805441498B9
:10B60000007820B15A461799904705F10105E003EB
:10B6100023D55B462146179A059800F04EF805445D
:10B620001BE00498002807DBDDE90301884203DD05
:10B630000098405C179901E0179930205A469047CE
:10B6400004986D1C401C04900198401E019004D188
:10B650002E205A46179990476D1CBAF10001AAF1A5
:10B66000010ADEDC05E017F8010B5A4617999047EE
:10B670006D1CB8F10001A8F10108F4DC5B4621461D
:10B68000179A0598A4E600002D0000002B0000008A
:10B69000200000002DE9F041044600251E46174613
:10B6A000880405D406E039462020B04705F101059D
:10B6B000641EF8D52846BDE8F0812DE9F041044626
:10B6C00000251E469046C80301D5302700E02027FC
:10B6D000880405D506E041463846B04705F1010526
:10B6E000641EF8D52846BDE8F0810A68531C0B603B
:10B6F000107070470000000000000000002F0000E4
:10B7000000000700070000147F147F1400242A7F24
:10B710002A120062640813230036495522500000A3
:10B720000503000000001C224100000041221C0013
:10B730000014083E08140008083E0808000000A095
:10B740006000000808080808000060600000002091
:10B7500010080402003E5149453E0000427F40006F
:10B76000004261514946002141454B3100181412F5
:10B770007F10002745454539003C4A4949300001C2
:10B780007109050300364949493600064949291E11
:10B790000000363600000000563600000008142273
:10B7A0004100001414141414000041221408000273
:10B7B0000151090600324959513E007C1211127C98
:10B7C000007F49494936003E41414122007F4141C5
:10B7D000221C007F49494941007F09090901003EB7
:10B7E0004149497A007F0808087F0000417F4100F5
:10B7F000002040413F01007F08142241007F40406B
:10B800004040007F020C027F007F0408107F003E52
:10B810004141413E007F09090906003E4151215E38
:10B82000007F091929460046494949310001017F35
:10B830000101003F4040403F001F2040201F003FCB
:10B840004038403F0063140814630007087008077D
:10B8500000615149454300007F41410000552A5590
:10B860002A55000041417F0000040201020400400B
:10B87000404040400000010204000020545454782D
:10B88000007F48444438003844444420003844444D
:10B89000487F00385454541800087E0901020018EB
:10B8A000A4A4A47C007F080404780000447D400028
:10B8B000004080847D00007F102844000000417F0C
:10B8C0004000007C04180478007C080404780038E8
:10B8D0004444443800FC242424180018242418FC70
:10B8E000007C0804040800485454542000043F44D9
:10B8F0004020003C4040207C001C2040201C003C9C
:10B900004030403C004428102844001CA0A0A07CEB
:10B91000004464544C441414141414140000000023
:10B92000000000000000000000000000000000F81F
:10B9300000000000000000333000000000100C0682
:10B94000100C0600000000000000000040C078401D
:10B95000C0784000043F04043F040400007088FCE9
:10B9600008300000001820FF211E0000F008F00041
:10B97000E018000000211C031E211E0000F00888B2
:10B98000700000001E2123241927211010160E001C
:10B99000000000000000000000000000000000E0C7
:10B9A00018040200000000071820400000020418DC
:10B9B000E00000000040201807000000404080F038
:10B9C000804040000202010F01020200000000F06E
:10B9D000000000000101011F010101000000000042
:10B9E0000000000080B070000000000000000000B7
:10B9F0000000000000010101010101010000000040
:10BA000000000000003030000000000000000000D6
:10BA100080601804006018060100000000E01008B3
:10BA20000810E000000F102020100F00001010F888
:10BA3000000000000020203F2020000000700808C7
:10BA40000888700000302824222130000030088847
:10BA5000884830000018202020110E000000C0206F
:10BA600010F8000000070424243F240000F8088890
:10BA7000880808000019212020110E0000E010881D
:10BA800088180000000F112020110E00003808084F
:10BA9000C83808000000003F00000000007088085F
:10BAA00008887000001C222121221C0000E01008E0
:10BAB0000810E0000000312222110F00000000C039
:10BAC000C0000000000000303000000000000080D6
:10BAD00000000000000080600000000000008040C6
:10BAE00020100800000102040810200040404040DF
:10BAF0004040400004040404040404000008102032
:10BB00004080000000201008040201000070480876
:10BB10000808F0000000003036010000C030C828DE
:10BB2000E810E0000718272423140B000000C03899
:10BB3000E0000000203C23020227382008F8888813
:10BB400088700000203F202020110E00C03008081F
:10BB500008083800071820202010080008F80808F6
:10BB60000810E000203F202020100F0008F88888EF
:10BB7000E8081000203F20202320180008F88888BB
:10BB8000E8081000203F200003000000C030080833
:10BB90000838000007182020221E020008F80800BC
:10BBA0000008F808203F210101213F20000808F883
:10BBB000080800000020203F2020000000000808A6
:10BBC000F8080800C08080807F00000008F888C066
:10BBD00028180800203F20012638200008F8080017
:10BBE00000000000203F20202020300008F8F8004E
:10BBF000F8F80800203F003F003F200008F830C060
:10BC00000008F808203F200007183F00E01008084F
:10BC10000810E0000F10202020100F0008F808087E
:10BC20000808F000203F210101010000E010080891
:10BC30000810E0000F18242438504F0008F88888B6
:10BC400088887000203F2000030C30200070880896
:10BC5000080838000038202121221C00180808F8A4
:10BC6000080818000000203F2000000008F8080025
:10BC70000008F808001F202020201F0008788800F6
:10BC800000C83808000007380E010000F80800F866
:10BC90000008F800033C0700073C03000818688010
:10BCA0008068180820302C03032C30200838C80086
:10BCB000C83808000000203F2000000010080808D5
:10BCC000C83808002038262120201800000000FE77
:10BCD000020202000000007F40404000000C30C023
:10BCE00000000000000000010638C000000202024F
:10BCF000FE000000004040407F0000000000040201
:10BD0000020204000000000000000000000000002B
:10BD1000000000008080808080808080000202041B
:10BD20000000000000000000000000000000808013
:10BD3000808000000019242222223F2008F8008081
:10BD400080000000003F112020110E000000008044
:10BD500080800000000E11202020110000000080D3
:10BD60008088F800000E112020103F200000808005
:10BD700080800000001F222222221300008080F019
:10BD8000888888180020203F202000000000808044
:10BD900080808000006B94949493600008F8008089
:10BDA00080800000203F210000203F2000809898E4
:10BDB000000000000020203F202000000000008044
:10BDC0009898000000C08080807F000008F8000084
:10BDD00080808000203F24022D302000000808F8D9
:10BDE000000000000020203F202000008080808094
:10BDF00080808000203F20003F20003F8080008026
:10BE000080800000203F210000203F200000808033
:10BE100080800000001F202020201F0080800080E4
:10BE20008000000080FFA12020110E000000008093
:10BE300080808000000E112020A0FF808080800084
:10BE40008080800020203F212000010000008080B1
:10BE5000808080000033242424241900008080E0A6
:10BE6000808000000000001F202000008080000073
:10BE700000808000001F202020103F208080800054
:10BE80000080808000010E30080601008080008064
:10BE9000008080800F300C030C300F000080800089
:10BEA000808080000020312E0E31200080808000B4
:10BEB0000080808080818E70180601000080808064
:10BEC000808080000021302C222130000000000002
:10BED000807C020200000000003F404000000000A3
:10BEE000FF00000000000000FF0000000002027CD4
:10BEF000800000000040403F0000000000060101FB
:10BF00000202040400000000000000001060028C27
:10BF10000000FE9292929292FE000000000000004B
:10BF200000000000000000000000000004047E018A
:10BF3000407E42427E427E42427E4000000000003F
:10BF40000000000000000000000000000000FC24D1
:10BF50002424FC252624FC242424040000000000C2
:10BF600000000000000000000000000040308F8052
:10BF7000844C55252525554C80808000000000000C
:10BF80000000000000000000000000001060028CB3
:10BF900000FE929292929292FE0000000000000039
:10BFA00000000000000000000000000004047E010A
:10BFB0004448507F40407F5048444000000000000B
:10BFC0000000000000000000000000000000FC2451
:10BFD0002424FC252624FC24242404000000000042
:10BFE00000000000000000000000000040308F80D2
:10BFF000844C55252525554C80808000000000008C
:10C00000000000000000000000000000404042442A
:10C0100058C0407F40C050484640400000000000EB
:10C0200000000000000000000000000080804020B0
:10C0300018070000003F404040407800000000002A
:10C0400000000000000000000000000002E22222C8
:10C050003E00809E9292F292929E8000000000002C
:10C0600000000000000000000000000000438242C9
:10C070003E40474444447F444454E70000000000ED
:10C080000000000000000000000000007E054100EC
:10C090000145EF7E0541000246EF7E054100034762
:10C0A000EF7E0541000440EF7E0541000541EF7E33
:10C0B0000541000642EF7E0541000743EF7E054142
:10C0C00000084CEF7E054100094DEF7E0541000A56
:10C0D0004EEF2900140100021401290000000000A5
:10C0E0000000000000000000000000000000000050
:10C0F0000000000000000000000000000000000040
:10C10000000000000000000000000000000000002F
:10C110005F5F5F6060606161616161626262626213
:10C1200063636363636363636464646464646464D7
:10C1300064646464646464646464646463636363C3
:10C1400063636363626262626262616161616060D3
:10C1500060605F5F5F5E5E5E5D5D5D5C5C5C5B5B07
:10C160005A5A595959585857575656555554545361
:10C170005252515150504F4E4E4D4C4C4B4A4A49E1
:10C180004848474645454443424241403F3E3E3D84
:10C190003C3B3A39383837363534333231302F2E4C
:10C1A0002D2C2B2A2928272625242322211F1E1D3A
:10C1B0001C1B1A19171615141311100F0E0C0B0A4D
:10C1C00009070605030201007B226366675F73654A
:10C1D000727665725F686F7374223A227777772E72
:10C1E0007869616F746F6E6772656E2E746F702FF1
:10C1F00064657369676E2F7570646174652F6D3146
:10C200002F7069642FE8AEBEE8AEA1E7BC96E58F5B
:10C21000B72F7569642FE8AEBEE8AEA1E5AF86E73B
:10C22000A081227D0000000048C20008000000201C
:10C230004C040000A2AD0008D8C200084C04002045
:10C240004439000038AE00089184A24A0410090164
:10C25000020304060708091A010A1E03040405065E
:10C260000E04E00809090283283241321E9A1C0498
:10C270005A3C045A321C09160432503208DA64045B
:10C28000291C4BE803405A05E8023F0F180D023104
:10C29000333030373135313230305A180E30323198
:10C2A0002D342D31312031323A320332312D3030BC
:10C2B0002E301D01A702A50513550A1A01ACC202B2
:10C2C00013C8C1025A082D01020304040808190604
:08C2D0000708090204066A00D8
:0400000508000131BD
:00000001FF
